title_en,singer_en,lyricist_en,composer_en,title_si,singer_si,lyricist_si,composer_si,lyrics,metaphor,source_domain_si,source_domain_en,target_domain_si,target_domain_en,intepretation,views
Ahasa Polowa Watapitawa,Sunil Edirisinghe,Yamuna Malini Perera,Rohana Weerasinghe,අහස පොලොව වටපිටාව,සුනිල් එදිරිසිංහ,යමුනා මාලිනී පෙරේරා,රෝහණ වීරසිංහ,"අහස පොළව වටපිටාව හරිම හිස්තැනක්

ගහක් කොළක් දියක් නොමැති කාන්තාරයක්
ඇදී එන්න ඒ මොහොතේ හඬාවැටෙන හද මඬලට
ඔබයි මමයි ඉන්නා තැන කොහිද තනිකමක්
නැහැනේ තනිකමක්

අහස පොළව වටපිටාව හරිම හිස්තැනක්
ගහක් කොළක් දියක් නොමැති කාන්තාරයක්
ඇදී එන්න ඒ මොහොතේ හඬාවැටෙන හද මඬලට
ඔබයි මමයි ඉන්නා තැන කොහිද තනිකමක්
නැහැනේ තනිකමක්
",මලක සුවඳ ඇත මසිතේ ඔබ මා ලඟ සිටින තුරා,මලක සුවඳ,smell of a flower,ඔබ,you,ඔබේ මතකයන් මලක සුවඳ මෙන් මිහිරිය,59
Chandra Mandale,Sunil Edirisinghe,Rathna Sri Wijesinghe,Rohana Weerasinghe,චන්ද්‍ර මණ්ඩලේ,සුනිල් එදිරිසිංහ,රත්න ශ්‍රී විජේසිංහ,රෝහණ වීරසිංහ,"චන්ද්ර මණ්ඩලේ සැතපුන පුංචි සාවියේ
මන්ද කියාපන් නොකියා හැංගිලා ගියේ
පාන නිවුන සේ පාළුයි ලැයිම් කාමරේ
මන්ද නුඹ ගියේ කියපන් පුංචි සාවියේ

ලාබ රත්තරන් දිලිසෙන පාළු වීදියේ
ගෑනු ළමයි පියාඹලා ඉස්සරත් ගියේ
උන්ට සෙයිලමේ මග තොට පාර වැරදුනේ
අන්න ඒ නිසයි මට දුක රත්තරන් දුවේ
චන්ද්ර මණ්ඩලේ සැතපුන පුංචි සාවියේ
මන්ද කියාපන් නොකියා හැංගිලා ගියේ

මාල බැදන් සුදු යකඩින් රෝස මල් වනේ
මාල ගිරව් ගේ දොරකඩ සින්දු කිව් වෙලේ
හීනෙනුත් හිතුනේ නෑ මට මොකද කාරනේ
පාර මතක නම් තාමත් ගේ ලඟයි දුවේ

චන්ද්ර මණ්ඩලේ සැතපුන පුංචි සාවියේ
මන්ද කියාපන් නොකියා හැංගිලා ගියේ
පාන නිවුන සේ පාළුයි ලැයිම් කාමරේ
මන්ද නුඹ ගියේ කියපන් පුංචි සාවියේ",චන්ද්‍ර මණ්ඩලේ සැතපුණ පුංචි සාවියේ,සඳ සහ හාවා,moon and the rabbit,අහිංසක දරුවන්,innocent children,සදෙන් වෙන් නොවන හාවෙකු මෙන් අහිංසක දරුවන්,123
Ran Samanalayoo,Sunil Edirisinghe,Prema Keerthi de Alwis,Sarath de Alwis,රන් සමනලයෝ,සුනිල් එදිරිසිංහ,ප්‍රේම කීර්ති ද අල්විස්,සරත් ද අල්විස්,"රන් සමනළයෝ පුංචි කැකුළියෝ
දේදුන්නේ නැඟිලා //
මීදුම් සළුවේ තුරු මල් උයනේ
කොයි යන්නේ පියඹා
රන් සමනළයෝ පුංචි කැකුළියෝ
දේදුන්නේ නැඟිලා

පෙම්බර ආල හිතේ ගී නොවෙදෝ ගැයුවේ
මොළකැටි බාල වියේ ඒ හුරතල් කොතැනේ
මව් දෑතින් මිදුණාදෝ
යෞවනයේ මත් වීදෝ
රන් සමනළයෝ පුංචි කැකුළියෝ
දේදුන්නේ නැඟිලා //

ලද මනමාල හිතේ ආදරයේ සුවඳේ
තව නොදිටීද ලොවේ ජීවිතයේ අරුමේ
මල් යහනා පැතුවාදෝ
ඒ යහනා හමුවේදෝ",රන් සමනලයෝ පුංචි කැකුලියෝ,රන් සමනලයා,butterfly,පුංචි දරුවන්,little children,පුංචි දරුවන්  රන් සමනලයින් මෙන් ලස්සනයි අහිංසකයි,248
Aa Nuwan Tharaka Dalwa,T.M.Jayarathna,Prema Keerthi de Alwis,Victor Rathnayake,ඈ නුවන් තාරකා දල්වා,ටී.එම්.ජයරත්න,ප්‍රේම කීර්ති ද අල්විස්,වික්ටර් රත්නායක,"ඈ නුවන් තාරකා දල්වා වෙන්වී ගියා
නෑ ආදරේ ඈ සිතේ මා තරම් //

ලංවී පෙමින් මංමත් කර ඈ හැඟම්
පාවී ගියා මීදුම් කඳුළක් ලෙසින්
නෑ ආදරේ ඈ සිතේ මා තරම්

ඈ නුවන් තාරකා .........

සුන් වූ හදින් පැතුමන් බොඳ වූ ලොවින්
ආයේ දැනෙයි සුවඳක් සිරුරේ ඇගෙන්
නෑ ආදරේ ඈ සිතේ මා තරම්

ඈ නුවන් තාරකා ...........",ඈ නුවන් තාරකා දල්වා,තරු,star,ඇගේ ඇස්,eyes,ඇගේ ඇස් අහසේ පායන තාරකා මෙන් අලෝකමත් වේ,215
Sandakada Pahanaka,Sunil Edirisinghe,Voeli Nanayakkara,Victor Rathnayake,සදකඩපහණක,සුනිල් එදිරිසිංහ,වොලි නානායක්කාර,වික්ටර් රත්නායක,"සඳකඩ පහනක කැටයම් ඔපලා පාවෙන දේදුනු ලැගුම් ගනී
කැලතුනු රසයක පැන ආ බුබුළක් අකුරු වැලක් දෙහදක ලියැවේ
යුගයෙන් යුගයට නොමියෙන දහනක දිවියක පදනම මතු වෙද්දී
නොපෙනෙන ඈතක ඈ ගෙන යනවා සියුමැලි කැකුලක් මැලවෙද්දී
සියුමැලි කැකුලක් මැලවෙද්දී
දහසක් පෙති මත රහසක් කොඳුරා තුඩින් තුඩට ගෙන යන බින්දු
ගව්වක් ඉහළක ගොනුකොට රඳවා පොපියන දෙතොලක් එහි කැන්දූ
අහසක් ගුගුරා කලුවක් වපුරා ඒ හා මුහුවුනු වැහි බින්දු
ඈ ගෙන යද්දී නටඹුන් අතරෙක තවකෙක් ඈ වෙත හද රැන්දූ
තවකෙක් ඈ වෙත හද රැන්දූ
සඳකඩ පහනක කැටයම් ඔපලා පාවෙන දේදුනු ලැගුම් ගනී
කැලතුනු රසයක පැන ආ බුබුළක් අකුරු වැලක් දෙහදක ලියැවේ
යුගයෙන් යුගයට නොමියෙන දහනක දිවියක පදනම මතු වෙද්දී
නොපෙනෙන ඈතක ඈ ගෙන යනවා සියුමැලි කැකුලක් මැලවෙද්දී
සියුමැලි කැකුලක් මැලවෙද්දී
හද විල ඉපැදුනු කැකුලක් නොතලති නටුවෙන් ගලවා දුරට යවා
මිහිලිය තෙත් කොට ගිලිහුණු කඳුළක් සත්සමුදුරකට මුහුව ගියා
ඔබට උරුම වූ රිදුනු තැවුනු හද එක්ටැම් මැදුරක කවුළු අරා
රුවන් විමානෙන් පියඹා එනතුරු පොපියන හදවත සිටී බලා
පොපියන හදවත සිටී බලා
සිටී බලා",සදකඩපහණක කැටයම් ඔපලා පාවෙන දේදුණු ලැගුම් ගනී,සදකඩපහණ,moonstone,ස්ථිර ආදරය,love,සඳකඩපහණක කැටයම් සේම ස්ථීර යයි සිතූ ප්‍රේමය අද පාවෙන දේදුන්නක් තරමටම වෙනස් වන සිතුවිල්ලක් පමණකි.,174
Ran Malak Lesa,Sunil Edirisinghe,Kumaradasa Saputhanthri,Rohana Weerasinghe,රන් මලක් ලෙස,සුනිල් එදිරිසිංහ,කුමාරදාස සපුතන්ත්‍රී,රෝහණ වීරසිංහ,"රන් මලක් ලෙස දෙව් බඹුන්
දෝතින් පිදූ මේ පින් බිමේ
පස් පිඬක් ගිලිහී නොයන්නට
රන් වැටක් ඇත සිව් කොනේ
නෙත් පුරා එක හීනයේ
මුළු ලෝකයා නිදනා රැයේ
දේශයේ මුර දේවතා එළි
රෑ පුරා දැල්වී තියේ

ළෙහි හොවා වැඩු සිය පුතුන් අත
අවි දරා වැද රණ මතින්
පෑ විකුම් මැද දෑ බැතින් හිස
අත් මුදුන් දෙති පියවරුන්
මව් බිමේ හිමිකම් පතා තම
දිවි පිදූ කල ඒ පුතුන්
තුන් හෙළේ හැම මව්වරුන් ළය
කිරි එරී ඇත උන් නමින්",දේශයේ මුර දේවතා එළි රෑ පුරා දැල් වී තිබේ,මුර දේවතා එළි,lights,හමුදාව,army,දේශය ආරක්ෂා කරන්නට දවසපුරා යුධ වදින හමුදාව,72
Amma Sandaki,T.M.Jayarathna,Malini Jayarathna,Rohana Weerasinghe,අම්මා සඳකි,ටී.එම්.ජයරත්න,මාලිනී ජයරත්න,රෝහණ වීරසිංහ,"අම්මා සඳකි මම ඒ ලොව හිරුය රිදී
ඒ ඉර හදෙන් නුඹෙ ලෝකය එළිය වුනි
රැකුමට පුතුන් දිවියේ දුක් ගැහැට විදී
පිය සෙනෙහසට කව් ගී ලියැවුනා මදී

සිරුරේ දුවන්නේ මගෙ ලේ නොවැ පුතුනේ
කුසයේ නොදැරුවත් දිවි බර මට රැදුනේ
මහ මෙරකට උසයි දරු පෙම හදපතුලේ
පුදුමයි පුතුනි කිම මගෙ ලේ කිරි නොවුනේ

මවකට මුවාවී නුඹවෙත දිවි දුන්නේ
මම වෙමි පුතුනි එය මා පමණයි දන්නේ
පියසෙනෙහස නැතිද දරුවනි හදුනන්නේ
අම්මාවරුන් පමණද මතු බුදු වන්නේ",අම්මා සඳකි,සඳ,moon,අම්මා,mother,අම්මා සඳක් මෙන් අපේ ජීවිත අලෝකමත් කරයි,208
Pinna Pipunu,T.M.Jayarathna,Kularathna Ariyawansa,Rohana Weerasinghe,පි‍න්න පිපුනු,ටී.එම්.ජයරත්න,කුලරත්න ආරියවංශ,රෝහණ වීරසිංහ,"පි‍න්න පිපුනු ලන්ද දිගේ
ඉරට මුකුළු පාන මල්කැලේ
අපි රංචු ගැහී යමු වගේ පුංචි සන්දියේ

බැද්ද පුරා දං වාරේ රංචු ගැහුනු දඟ කාලේ
ඉස්කෝලෙන් කට්ටි පැන්න දා
දම් පාට උනා වේවැල් පාරේ

කන්ද කපා හෙලූ වෙලේ බැද්ද ගියා පිට පාරේ
යාළු මිතුරු කතා ගොළුවෙලා
දැන් පාළු වෙලා ඒ ගම්මානේ",පි‍න්න පිපුනු ලන්ද දිගේ ඉරට මුකුළු පාන මල්කැලේ,ඉර හා මල්,sun and flowers,උදෑසන,morning,ඉර උදාවත් සමග පිපෙන ලස්සන මල් සහ වැටෙන පිනි බින්දු,77
Hiruta Horen,T.M.Jayarathna,Kularathna Ariyawansa,Rohana Weerasinghe,හිරුට හොරෙන්,ටී.එම්.ජයරත්න,කුලරත්න ආරියවංශ,රෝහණ වීරසිංහ,"හිරුට හොරෙන්
සඳුට හොරෙන්
තරු මල් උයනේ
ලොවට හොරෙන්
සැදූ ලොවයි
අපේ ආදරේ

ඔබේ නුවන් තරු එළියෙන්
ඒ ලෝකයේ සිරි නරඹන්නම්
තවත් කුමටදෝ එළියක්
මගේ ලෝකයේ
හිරුට හොරෙන්
සඳුට හොරෙන්
තරු මල් උයනේ
ලොවට හොරෙන්
සැදූ ලොවයි
අපේ ආදරේ

ඔබේ වදන් අම සරයෙන්
ඒ ලෝකයේ නද රැව් දේ නම්
තවත් කුමටදෝ මිහිරක්
අපේ ලෝකයේ",ඔබේ වදන් අම සරයෙන්,අම සරය,essence,ඔබේ වදන්,your words,ඇයගේ කටහඬ අම සරය මෙන් මිහිරිය,57
Namal Pipila Me Wewa Iwre,T.M.Jayarathna,Kularathna Ariyawansa,Rohana Weerasinghe,නාමල් පිපිලා මේ වැව් ඉවුරේ,ටී.එම්.ජයරත්න,කුලරත්න ආරියවංශ,රෝහණ වීරසිංහ,"නා මල් පිපිලා මේ වැව් ඉව්රේ 
නා තුරු සෙවනැල්ලේ මල් පාවඩ සැදිලා
බලා සිටින්නේ ඔබේ දෙපා පොඩි සිප ගන්නයි

පාළු සැදෑවේ මේ වැව් ඉව්රේ
මගේ දෙ‍නෙත් මග බලා හිඳින්නේ
පුරා සදක් සේ වන ලිය අතරින්
ඔබේ සිනා වත පිපෙන තුරා

නීල තලාවේ මේ ගගුලැල්ලේ
රිදී කඳන් සැලි සැලී රගන්නේ
නදී සඳැල්ලේ රන් කම් විලසින්
ඔබේ දෙපා යුග නැගෙන තුරා",පුරා හඳක්සේ වනලිය අතරින් ඔබේ සිනාවත පිපෙන තුරා,සඳ,moon,ඔබේ හිනාව,her smile,ඔබේ හිනාව පුරා සඳක් සේ අලෝකමත්ය සුන්දරය,233
Sonduru Athethaye,T.M.Jayarathna,Malini Jayarathna,Rohana Weerasinghe,සොදුරු අතීතයේ,ටී.එම්.ජයරත්න,මාලිනී ජයරත්න,රෝහණ වීරසිංහ,"සොඳුරු අතීතයෙ නිමල පැතුම වී
මගෙ හද තුල ඔබ ඉන්න ඇතී
ඒ හින්දා යලි සෙනෙහි සිතින් අපි
ආදරයෙන් හමුවෙන්න ඇතී...//

කඳුළු සුසුම් මැද සතුටු සිනා මැද
භවය පුරා ලඟ ඉන්න ඇතී
එදත් මගේ සිත අද මෙන් කැපවී
ඔබේ නමට පුද දෙන්න ඇතී

සොඳුරු අතීතයෙ නිමල පැතුම වී
මගෙ හද තුල ඔබ ඉන්න ඇතී
ඒ හින්දා යලි සෙනෙහි සිතින් අපි
ආදරයෙන් හමුවෙන්න ඇතී

නොසැලී නොතැවී බාධක හමුවේ
ආ හින්දා ජය ගන්න ඇතී
ආත්ම ගණනේ පුරුදු ලෙසින් අපි
මේ අයුරින් හමුවෙන්න ඇතී",සොදුරු අතීතයේ නිමල පෑතුම වී මගේ හද තුල ඔබ ඉන්න ඈතී,පැතුම,wish,ඔබ,you,දිවි ඇතිතුරා මාගේ එකම පැතුම ඔබයි,31
Sithin Maa Nosali,T.M.Jayarathna,Prema Keerthi de Alwis,Stanley Peiris,සිතින් මා නොසැලී,ටී.එම්.ජයරත්න,ප්‍රේම කීර්ති ද අල්විස්,ස්ටැන්ලි පීරිස්,"හිතින් මා නොසැලි ඉදිද්දි
කඳුල නුඹ ඇවිදින්
නිවා දැමු ඒ නෙතේ පිඩා
නොබිඳිනු මැනවී...

තනිව මා හඬනා වෙලාවේ
සැලී සැලී සීතේ
වැටුනු මහා වරුසා මතක්වී
නුඹ රැදි දෑසේ...

තවම මා නොදුටු සිනාකැන්
හමුනොවු යාමේ
කඳුල මට කරැණා කරන්නැයි
අයදිමි නිබඳේ...",වැටුනු මහ වරුසා මතක්වී නුඹ රැදී දෑසේ,වැස්ස,rain,කඳුල,the tear,මහ වරුසාවක් මෙන් කඳුලු ගලනවා,197
Piyum Neela Vila Upan Liye,T.M.Jayarathna,Ajantha Ranasingha,Clarence Wijewardena,පියුම් නීල විල උපන් ලියේ,ටී.එම්.ජයරත්න,අජන්තා රණසිංහ,ක්ලැරන්ස් විජේවර්ධන,"පියුම් නීල විල උපන් ළියේ ..
අහංකාර ඔබෙ යොවුන් වියේ
නෙතු කැලුම් වැදී..
මගෙ හිත දුකින් රිදේ..
සිඳංගනා මෘදු වදන් මලින් මට
පවන් සලන් කුමරී..
වසන්ත කතාව කියන්න
කෝමල සිනා පොදින්..//

ඔබගේ වරලේ..
කුසුමේ සුදු රේණු පවා..
සුවඳ දෙවා - පාවේ රෑ සිහිනේ..
මා හා රෑ පානේ..

පියුම් නීල විල උපන් ළියේ ..
අහංකාර ඔබෙ යොවුන් වියේ
නෙතු කැලුම් වැදී..
මගෙ හිත දුකින් රිදේ..
සිඳංගනා මෘදු වදන් මලින් මට
පවන් සලන් කුමරී..
වසන්ත කතාව කියන්න
කෝමල සිනා පොදින්..

ඔබගේ.. දෙපයේ..
වෙලෙනා හඬනුපුරයේ
ජීවනයේ - රන්වන් පෙම් අරනේ
ආදර ගී වරුනේ",නෙතු කැලුම් වැදී,මල්,flowers,ඇස්,eyes,ඇගේ ඇස් මල් කැකුලක් වැනිය,120
Degoda Thala Ganga Gala,T.M.Jayarathna,Kularathna Ariyawansa,Rohana Weerasinghe,දෙගොඩ තලා ගඟ ගලා,ටී.එම්.ජයරත්න,කුලරත්න ආරියවංශ,රෝහණ වීරසිංහ,"දෙගොඩ තලා ගඟ ගලා

මෙගොඩ ගොඩේ ඈ හිඳී
තොටුපලේ ගං ඉවුරේ
මා තනිවම මද අඳුරේ
දෙගොඩ තලා ගඟ ගලා
මෙගොඩ ගොඩේ ඈ හිඳී
තොටුපලේ ගං ඉවුරේ
මා තනිවම මද අඳුරේ",දෙගොඩ තලා ගඟ ගලා,දෙගොඩ තලා,river bank,ගඟ,river,ඉතාමත් වේගයෙන් ගං ඉවුරු බිඳගෙන ගඟ ගලා යයි,103
Siyak Ayu Leba,T.M.Jayarathna,Ven Rambukkana Siddhartha,H M Jayawardhana,සියක් ආයු ලැබ,ටී.එම්.ජයරත්න,රඹුක්කන සිද්ධාර්ථ හිමි,එච්.එම්. ජයවර්ධන,"සියක් ආයු ලැබ මගෙත් ආයු ගෙන
මටත් වඩා කල් ඔබ ජීවන් වේවා
මෙතේ බුදුන් කළ ලොවේ උතුම් ළඳ
විශාකාව වේවා ...

මහ පොළව සේ නිහඩ නිසංසල
ඔබේ දයාබර හදින් ගලා එන
ආදර ගීතය ලොව සනහාලන
බුදු බණ පදයක් වේවා ...

සියක් ආයු ලැබ ....

ගතේ රුහිරු ලේ කිරිපෙව් සෙනෙහස
සුවඳ ගලා ගිය ඔබෙ මවු හදවත
නිවන්පුරයට යන මංපෙත හෙලිකළ
පහන් ටැඹක් වේවා ...",ආදර ගීතය - ළොව සනහාලන,ගීතය,song,ආදර,love,ආදරය ගීතයක් මෙන් මිහිරිව සිත් සනසාලයි,225
Ahasai Oba Mata,Sunil Edirisinghe,Bandula Nanayakkare,Rohana Weerasinghe,අහසයි ඔබ මට,සුනිල් එදිරිසිංහ,බන්ධුල නානායක්කාර,රෝහණ වීරසිංහ,"අහසයි ඔබ මට නිම් හිම් නොපෙනෙන
ඉණිමං බඳිනු බැරී
පොළොවයි ඔබ මට
තරුවක් විලසට රෑකල පතිත වෙමි

අහසයි ඔබ මට නිම් හිම් නොපෙනෙන
ඉණිමං බඳිනු බැරී
පොළොවයි ඔබ මට
තරුවක් විලසට රෑකල පතිත වෙමි

ගඟේ වතුර නෑ ඉහලට ගලා ගියේ
අසිනි හඬින් නෑ කඳු බිම් සසල උනේ
ගඟ කවදා හෝ මුව දොර හමු වෙනවා
ලොව කැළඹුන දා කදුබිම් හැකිලෙනවා",අහසයි ඔබ;පොළොවයි ඔබ,අහස;පොළොව,sky;earth,ඔබ;ඔබ,you;you,ඔබ අහසක් වගේ ළං වීමට නොහැකි;මා තරුවක් වූ විට පොළොව දුරස් සේ ඔබ මට දුරයි,195
Maa Ithn Yanna Yanawa,Sunil Edirisinghe,Rathna Sri Wijesinghe,Rohana Weerasinghe,මා ඉතින් යන්න යනවා,සුනිල් එදිරිසිංහ,රත්න ශ්‍රී විජේසිංහ,රෝහණ වීරසිංහ,"මා ඉතින් යන්න යනවා
මට යන්න අවසරයි
මට අරන් යන්න ඇත්තේ
ඒ මතකය විතරයි

මා ඉතින් යන්න යනවා
මට යන්න අවසරයි
මට අරන් යන්න ඇත්තේ
ඒ මතකය විතරයි

නුඹ සඳක් වෙලා පායා
මට එලිය වුනු වගයි
නුඹ සඳක් සේම බැස යයි
මට අයිති කළුවරයි
මගෙ මතක එපමණයි
මා ඉතින් යන්න යනවා
මට යන්න අවසරයි
මට අරන් යන්න ඇත්තේ
ඒ මතකය විතරයි",නුඹ සඳක් වෙලා පායා මට එළිය වුණු වගයි,සඳ,moon,නුඹ,you,නුඹ සඳක් වගේ මගේ ලොව එළිය කරනවා,187
Seethala Diya Piri Sunila Wilai,Sunil Edirisinghe,Mahagamasekara,Rohana Weerasinghe,සීතල දිය පිරි සුනිල විලයි,සුනිල් එදිරිසිංහ,මහගම සේකර,රෝහණ වීරසිංහ,"සීතල දිය පිරි සුනිල විලයි.

ඒ විල මැද ඔබ සුවඳ මලයි .
ගිමන් නිවාලන සුළං රැලක් වී
ඔබේ සිනා මට පවන් සලයි.

සීතල දිය පිරි සුනිල විලයි.

ඒ විල මැද ඔබ සුවඳ මලයි .

අසරණ වී මා ජීවිත කතරේ
අන්ධකාරයේ සැරිසැරුවා
ඔබේ නිහඬ නෙත ඈත සිතිජයෙන්
උදාවෙලා මට අත වැනුවා

සීතල දිය පිරි සුනිල විලයි.

ඒ විල මැද ඔබ සුවඳ මලයි ",ඔබ සුවඳ මලයි;ගිමන් නිවාලන සුළං රැලක් වී ඔබේ සිනා,සුවඳ මල;ගිමන් නිවාලන සුළං රැලක්,flowers;wind,ඔබ;ඔබේ සිනා,you;her smile,මලක් විසින් විලක් සුවඳවත් කරන්නා වගේ ඔබ මගේ ජීවිතය සරසයි;සුළං රැලක් මහන්සිය නැති කරන්නාක් මෙන් ඔබේ සිනා මගේ විඩා නැති කරයි,226
Nim Therak Nodutu,Sunil Edirisinghe,Bandula Nanayakkare,Rohana Weerasinghe,නිම් තෙරක් නොදුටු,සුනිල් එදිරිසිංහ,බන්ධුල නානායක්කාර,රෝහණ වීරසිංහ,"නිම් තෙරක් නොදුටු මේ ලෝකයේ
රුදු සපුන් නිබඳ සරනා බිමේ //
ඔබේ සිනා වත මගේ නවාතැන
අරුණු විහිදුවාවී ජීවිතයේ
රැල් නගා ගලන ගංගා දියේ
මං වසා දමනු හැකිදෝ කෙසේ //
සොයා සයුරු දිය හඹා ඇවිත් ගඟ සදා සැඟව යාවී සාගරයේ
සිල් බිඳී මුවන් කැලඹූ වනේ
බිම නොලා නෙලූ ඵල මාවතේ //
සදා ඔබේ ගිම් බෙදාගනිම් මම් තැවුල් සැඟව යාවී මාරුතයේ
නිම් තෙරක් නොදුටු මේ.",ඔබේ සිනා වත මගේ නවාතැන,මගේ නවාතැන,home,ඔබේ සිනාව,her smile,ඔබේ සිනාව මගේ ජීවිතයේ සැනසීමක් දෙන නවාතැනකි;,123
Hade Kothanaka,Sunil Edirisinghe,Kumaradasa Saputhanthri,Rohana Weerasinghe,හදේ කොතැනක,සුනිල් එදිරිසිංහ,කුමාරදාස සපුතන්ත්‍රි,රෝහණ වීරසිංහ,"හදේ කොතැනක හෝ හිඳී ඔබ 
නිදා නොනිදා මෙන් 
බලා අවසර සොයා කල් දැන වෙලා 
හස රැහැනින් පෙළයි මා 
මුදා සුව දැහැනින් //

සයුර ඉම රත් සිතිජ රේඛාවේ 
මියෙන හිරු සේ ගිලී බිම් අඳුරේ
තලා මා සිත පලා ගිය ඔබ දවයි මා අද 
තනිවෙනා මොහොතින් 

හදේ කොතැනක හෝ........

උතුම් පිවිතුරු ප්‍රේමයේ නාමෙන්
සහස් සුවහස් පැතුම් බල මහිමෙන්
ඉනූ කඳුලද සිඳෙන්නට පෙර යදින්නම්
 ඔබ මැකී යනු මතකෙන්

හදේ කොතැනක හෝ........
",සයුර ඉම රත් සිතිජ රේඛාවේ මියෙන හිරු සේ ගිලී ගිම් අඳුරේ තලා මා සිත පලා ගිය ඔබ දවයි මා,මියෙන හිරු,sun,මගේ සිත,mind,බැසයන හිරු සිතිජ රේඛාවේ ලෝකයක් අඳුරේ ගිල්වා යන්නාක් මෙන් ඔබ මා සිත වේදනාවේ දමා පැන යයි,180
Handana Pana Nala Yadina Sanasuma,Sunil Edirisinghe,K.D.K. Dharmawardana,Lakshman Wijeseekara,හඬන පන නල යදින සැනසුම,සුනිල් එදිරිසිංහ,කේ.ඩී.කේ ධර්මවර්ධන,ලක්ෂ්මන් විජේසේකර,"හඞන පණ නල යදින සැනසුම
දැවී යයි හද චිතකයේ
කඳුළු බිඳුවක සිසිල පමණකි
වියළි කතරට හිමිවුණේ.....
හඞන පණ නල යදින සැනසුම
දැවී යයි හද චිතකයේ

යොවුන් සිතිවිලි විපිළිසර වී
මහළු ලොව තුල මිය ඇදේ
සයින් පීඩිත හඞන සුරගුරු
යදී සිඟමන් මාවතේ

රකුසු පියසක පිපුණු කුසුමට
මලවි හමුවන පින නැතේ
දෑස නැති විට නුහුරු මං පෙත
සරන පා යුග පටලැවේ",දෑස නැති විට නුහුරු මංපෙත සරන පා යුග පටලැවේ,නුහුරු මංපෙත සරන පා යුග,foot,දෑස නැති අයෙකුගේ ආදරය,love,දෑස නැතිවිට කියන්නේ සරණක් නැත්නම් ආදරයක් නොමැතිව නුහුරු ජීවන ගමන තනිව යාමට අපහසුයි,229
Pana Mada Kadithi,Sunil Edirisinghe,Mahinda Chandrasekara,Rohana Weerasinghe,පැන මඩ කඩිති,සුනිල් එදිරිසිංහ,මහින්ද චන්ද්රසේකර,රෝහණ වීරසිංහ,"පැන මඩ කඩිති වැවු තාවුලු වැහි කාලේ
පෙන්වා මග නොමග නොවැටී යන තාලේ
සිප් කිරි පෙවූ මූසිලයින් උඩු මාලේ
අපෙ ගුරුතුමා යයි තාමත් ඉස්කොලේ
සාමා අමර විකුණති බස් පොලේ කජු
කුමාරෝද පිටු දන්දෙති එයින් මතු
උගත මනා ශිල්පය පිල් කඩ නොපැතූ
වේවැල වටා ඉකිබිද දඩුවමක් පැතූ
රන්මසු පට පිලී අභරණ උරණ වෙලා
සමන් පිච්ච කැකුලිය ගෙයි මිලින වෙලා
ගුරු නිවහනේ කදුලට උල්පතක් වෙලා
ලොකු හාමිනේ ඇත බිතු සිතුවමක් වෙලා",සිප් කිරි පෙවූ මූසිලයින් උඩු මාලේ අපෙ ගුරුතුමා යයි තාමත් ඉස්කෝලේ,මූසිලයින්,teacher,ගුරුතුමා,teacher,දැනුම ළමයින්ට මැනවින් පොවනා මූසිල ඇදුරු තුමා වැනි මට අපේ ගුරුතුමා,71
Miniseku Pita Nagi Asaruweki,Sunil Edirisinghe,Prema Keerthi de Alwis,H.M. Jayawardhana,මිනිසකු පිට නැගී අසරුවෙකි,සුනිල් එදිරිසිංහ,ප්‍රේමකීර්ති ද අල්විස්,එච්. එම්. ජයවර්ධන,"මිනිසෙකු පිට නැගි අසරුවෙකි
ඒ බර ගේ වහලෙට බරකී
පාන්දරින් පැරදුනු ඒ මිනිහා
හැන්දාවෙත් අසු පිටට නගී / /
හෙට මම ගෙදරට සුර සැප දෙනවා
අද රෑ ළුනුමිරිසෙන් ගතවෙනවා
කාසි මල්ල සතෙකුගෙ පිට යනවා
දූ දරුවන් පැදුරේ නිදියනවා
මිනිසෙකු පිට නැගි අසරුවෙකි
ඒ බර ගේ වහලෙට බරකී
පාන්දරින් පැරදුනු ඒ මිනිහා
හැන්දාවෙත් අසු පිටට නගී
ඉරනම් විසදුම සතෙකුට දෙනවා
තිරිසෙනෙකුට මිනිසෙකු පරදිනවා
දරුවන් බිරිදත් ගිනි උහුලනවා
හේනෙන් නුබ තව ගෙවල් හදනවා",ඒ බර ගෙයි වහලට බරකි,ගෙයි වහල,roof,ජීවන බර,life,යමෙකු සූදුවට පෙළඹීම නිසා සිදුවන ධන හානියේ ප්‍රතිඵලය නිවසේ ජීවන බරට දැනේ,171
Dewani Budhun Lesa,Sunil Edirisinghe,Sunil Ariyarathne,Rohana Weerasinghe,දෙවැනි බුදුන් ලෙස,සුනිල් එදිරිසිංහ,සුනිල් ආරියරත්න,රෝහණ වීරසිංහ,"දෙවැනි බුදුන් ලෙස
ලොවම උවම් කළ
ලොවක පිදුම් ලද
ලොවට උතුම් ළඳ
අම්මා.....අම්මා.....අම්මා.....

දෙසවන් සනහා මා නැළවූ ඔබ

මියුරු මියැසියේ අරුත කියා දුනි
ඒ මියැසිය අද මා ගයනා විට
මා සිපගන්නට ඔබ මා ළඟ නැත
අම්මා....අම්මා.....අම්මා.....


ඇසට හඬන්නට කඳුළැලි දුන් ඔබ",දෙවැනි බුදුන් ලෙස ලොවම උවම් කල ලොවක පිදුම් ලද ලොවට උතුම් ලඳ අම්මා.,දෙවෙනි බුදුන්,lord buddha,අම්මා,mother,මිනිසුන්ගේ සිත් සනසන යහ මග ගෙනයන දෙවෙනි බුදුවරයෙක් වැනි අම්මා,212
Minisa Suwandai Malasee,Sunil Edirisinghe,Kumaradasa Saputhanthri,Rohana Weerasinghe,මිනිසා සුවඳයි මල සේ,සුනිල් එදිරිසිංහ,කුමාරදාස සපුතන්ත්‍රි,රෝහණ වීරසිංහ,"මිනිසා සුවඳයි මල සේ
නුවණින් එළියයි හිරු සේ
පරවී වැටිලා ඒ හිරු මල මේ දෙරණේ
පොළවේ උරුමේ කියමින්
බිලිදී විහිගුම් ගුණදම්
දහසිත් මියෙනා සටතිත්
අඟලේ හිමිකම් සොයමින්
ලොව නහවා සෝ කඳුලින්
සැනහේ ජය පැන් පුරමින්
මිනිසා සුවඳයි මල සේ
නුවණින් එළියයි හිරු සේ
පරවී වැටිලා ඒ හිරු මල මේ දෙරණේ
උණු ලේ විෂ වී සිරුරේ
ඉසුරන් ගැටෙනා අතරේ
ගිති මල් පිපිලා අහසේ
ඇවිලේ ගිනි දැල් සයුරේ
සා පවසින් ඉකි බිඳිතා
සුසුමෙත් යදියත් හෙලතා",උණු ලේ විෂ වී සිරුරේ ඉසුරන් ගැටෙනා අතරේ ගිනි මල් පිපිලා අහසේ ඇවිලේ ගිනි දැල්,අහසේ ගිනි මල්,fire sky,උණු ලේ,blood,අහසේ ගිනිමල් පිපී ඇවිලී දැවෙනවා සේ උණු ලේ විෂ වී සිරුරේ ගැටේ,100
Lenchina Mage Nangiye,Sunil Edirisinghe,Rathan Sri Wijesinghe,Rohana Weerasinghe,ලෙන්චිනා මගෙ නංගියේ,සුනිල් එදිරිසිංහ,රත්න ශ්‍රී විජේසිංහ,රෝහණ වීරසිංහ,"ලෙන්චිනා මගෙ නංගියේ ඇයි
ගංතෙරට වී ගොම්මනේ
ලෙන්චිනා මගෙ නංගියේ ඇයි
ගංතෙරට වී ගොම්මනේ

පෙත්තරේ ලඟ පැන් තොටේ ගම්මානයේ පව් සෝදනා

රත්තරන් වී කළු වලාකුළු

චන්ද්‍රයා සේ පායලා
ලෙන්චිනා ඇති වැඩ කලා දැන්
ගෙදර යං කළුවර වුණා

ලෙන්චිනා මගෙ නංගියේ ඇයි

ගංතෙරට වී ගොම්මනේ
ලෙන්චිනා මගෙ නංගියේ ඇයි
ගංතෙරට වී ගොම්මනේ
",ලෙන්චිනා මගෙ නංගියේ ඇයි ගංතෙරට වී ගොම්මනේ,ගොම්මන,evening,අඳුරු තමන්ගෙ උරුමය,fate,ඇය හැමදාමත් මේ විදියට අඳුරට වෙලා වැඩ කරන්නෙ ඒක තමන්ගෙ උරුමය හෝ  කරුමය ලෙස සලකමින්.ඒ අඳුරෙම ඉන්නෙ ඇයි?,162
Weralu Gediya,Sunil Edirisinghe,Wasantha Kumara Kobawaka,Victor Rathnayake,වෙරළු ගෙඩිය,සුනිල් එදිරිසිංහ,වසන්ත කුමාර කොබවක,වික්ටර් රත්නායක,"වෙරළු ගෙඩිය හරි අටකට කපාගෙන..
කොටහක් නොකා දෙගුරුන්ටත් තබාගෙන..                              
උන් අපි එදා සත් කුළු පවු විලාසෙන...
පැළ ඉනි වැටට ඇයි අද ඇන කොටාගෙන..

පොඩි උන් දොහේ මල් මතකය ඉරාගෙන..
හොඳ හිත ගිහින් උඩු හුළඟට ගසා ගෙන.......//
මහගෙයි බිමට තනි උරුමය කියාගෙන...
සතුරන් වෙලා උනුනට දෙස් තියාගෙන....",මල් මතකය,මල,flower,මතකය,memory,පුංචි කාලෙයේ මතකය මලක් වගේ සුන්දරයි,124
Mee Tharam Siyumalida Kalu Gal,Sunil Edirisinghe,Rajee Welgama,Darshana Ruwan Disanayake,මේ තරම් සියුමැලිද කළු ගල්,සුනිල් එදිරිසිංහ,රජී වෙල්ගම,දර්ශන රුවන් දිසානයක,"මේ තරම් සියුමැලිද කළු ගල්
හිතන්නටවත් බැරි නිසා
මම ගියා අවුකන බුදුන්ටත්
දෑස් දුන් මිනිසා සොයා //

කලා වැව ලඟ ඉලුක් හෙවනක
මැටි පිලක පැදුරක් එලා
රිදුම් පිරිමදිමින් බලයි ඔහු
මැරෙන ඉපදෙන රළ දිහා

ඉසුරුමුණියේ නුඹ තැනූ
පෙම්බරිය කොතැනද කියා
මා ඇසූ විට හිනැහුණා ඔහු
තවම තනිකඩයැයි කියා //",මේ තරම් සියුමැලිද කළු ගල්,කළු ගල්,stones,ශිල්පියාගෙ සිත,mind,ඉතා අමාරු නිර්මාණ කරන කළු ගල් ශිල්පියාගෙ සිත කොහොමද මෙතරම් සියුමැලි  උනේ,80
Awapasa Ahasaka,Sunil Edirisinghe,Kularathna Ariyawansha,Rohana Weerasinghe,අවපස අහසක,සුනිල් එදිරිසිංහ,කුලරත්න ආරියවංස,රෝහණ වීරසිංහ,"අවපස අහසක තරු ලකුණක් සේ
අපමණ සයුරක තුරු දසුනක් සේ
දිගු දිවි ගමනේ
ඉම ඔබ රැදුනේ...
මාවත අවහිර නිමවා
දළ රළ පෙළ සැතපෙනවා
සැලමුතු සෙනෙහස මද පවනක් වී
ගැබරේ නිම මුමුනනවා...
දෝතක අසෙනිය ගවසා
ඔබ පෙරමග හිනැහෙනවා
විකසිත සිහිනේ සුබ කවියක් වී
දෙනෙතේ සිත ලියවෙනවා...
අවපස අහසක තරු ලකුණක් සේ
අපමණ සයුරක තුරු දසුනක් සේ
දිගු දිවි ගමනේ
ඉම ඔබ රැදුනේ...",සැළමුතු සෙනෙහස මඳ පවනක් වී ගැඹරේ නිම මුමුණනවා,මද පවන,wind,සැළමුතු සෙනෙහස,affection,මද පවනක් අහස් ගැඹේ මුමුණන්නාක් මෙන් ඔබේ සෙනෙහස මගේ සිතේ සැරිසරයි,33
Maha Wassak Bimata Hala,Sunil Edirisinghe,Sunil Dayanada Sekara,Sunil Dayanada Sekara,මහ වැස්සක් බිමට හලා,සුනිල් එදිරිසිංහ,සුනිල් දයානන්ද සේකර,සුනිල් දයානන්ද සේකර,"මහ වැස්සක් බිමට හලා
නිදහස් වූ අහසක් සේ
ඔබ නිසොල්මනේ එපා හිඳින්න
ඔබේ නිහඬ බව මට බෑ දරාන ඉන්න
අනේ තව ටිකකින් හිනාවෙලා කථා කරන්න
ඔබේ නිහඬ බව මට බෑ දරාන ඉන්න

විරසක සුසුම් මහගෙයි පුරා ඇසෙන්නේ
කවුළු දොරින් ගෙට එන
නිදි නැති අටවක සඳ
තනි යහනේ සරදම් රටා වියන්නේ

මහ වැස්සක්...

විස කටු ඇනී ආතුර වූ සිතට ඔබේ
ඔබ මට කියා දුන්න
සෙත් කවියක් කියන්න
නිවැරදි මිනිසුන් කොයි දෙසද ඉපදුණේ",මහ වැස්සක් බිමට හලා නිදහස් වූ අහසක් සේ ඔබ,මහ වැස්ස,rain,ඔබ,you,මහ වැස්සකට පසු ඇතිවෙන නිහඬ බව වගේ ඔබේ නිහඬ බව,118
Mihiriyee Gami Landee,W.D.Amaradewa,Madawala S. Ratnayaka,W.D.Amaradewa,මිහිරියේ ගැමි ළඳේ,ඩබ්ලිව්.ඩී.අමරදේව,මඩවල එස්. රත්නායක,ඩබ්ලිව්.ඩී.අමරදේව,"මිහිරියේ ගැමි ළඳේ
මිහිරියේ ගැමි ළඳේ

කැලේ මල් සුවඳ මුසු මිහිර දෙන නව උදේ
පැන් පුරා කළය ගෙන තබා ඔබ මුදු බඳේ
අහිංසක මුව දෙනක ගුණය රැඳවූ හදේ
උදෑසන මා දකින මිහිරියේ ගැමි ළඳේ

ඔබ මුහුණු දකින් විට නොපිපි වන මල් පිපේ
කියඹු වැල් මා බලා ඔබේ නළලත හැපේ
ඔබ නිසාමයි ළඳේ ගමට මෙපමණ ඔපේ
උදෑසන මුණ ගැසුම පමණි මට ඇති සැපේ

ඔබ දකිනු හැර අනෙක්‌ සම්පතක්‌ මට නැති
මුළු සොබාවික ලොවම දිගැස්‌ යුවළට ගැති
දවස සරුවට ඔබේ එක හිනාවක්‌ ඇති
රැගෙන ආ නව එළිය මගේ ගමට සඳවතී",මිහිරියේ ගැමි ළඳේ;අහිංසක මුව දෙනක ගුණය රැඳවූ හදේ ,මිහිරි;මුව දෙන,sweet;dear,ගැමි කාන්තාව;හදවත,village women;heart,ගැමි කාන්තාවන් ඉතාම සුන්දර හා මිහිරි වේ;ඇයගේ හදවත මුව දෙනක සේ අහිංසක හා පිවිතුරුය,140
Mala Hiru Basina Sandaa Yaamee,W.D.Amaradewa,Mahagamasekara,W.D.Amaradewa,මළ හිරු බසිනා සැන්දෑ යාමේ,ඩබ්ලිව්.ඩී.අමරදේව,මහගමසේකර,ඩබ්ලිව්.ඩී.අමරදේව,"මළ හිරු බසිනා සැන්දෑ යාමේ
ඔබගෙන් සමුගන්නම්
අඳුරට ඉඩදී අඳුරේ සැඟවී
ඔබගෙන් වෙන් වී මම යන්නම්

නිදි නැති යහනේ රෑ යාමේ
කාංසියේ ඔබ හිඳිනා වේලේ
සුළඟේ දැවටී ඔබට හොරෙන්
මම ඔබ වෙත එන්නම්
සියුමැලි දෑතින් ඔබ හිස අතගා
ඔබ නිදි කරවා මම යන්නම්

අළුයම පිබිදෙන ඔබගේ දෑසේ
මල් පෙති අග පිනි කඳුලක්‌ රඳවා
සුසුමක්‌ වාගේ ඉන් පිටවී
ඔබගෙන් වෙන් වෙන්නම්
අඳුරට ඉඩදී අඳුරේ සැඟවී
ඔබගෙන් වෙන් වී මම යන්නම්", ඔබගේ දෑසේ මල් පෙති,මල් පෙති,flower pettles,දෑස,eyes,ඇයගේ දෑස මල් පෙත්තක් සේ සියුමැලි හා සුන්දර වේ,190
Sannaaliyanee,W.D.Amaradewa,Mahagamasekara,W.D.Amaradewa,සන්නාලියනේ,ඩබ්ලිව්.ඩී.අමරදේව,මහගමසේකර,ඩබ්ලිව්.ඩී.අමරදේව,"සන්නාලියනේ සන්නාලියනේ
මේ හිමිදිරි උදයේ
සන්තෝසෙන් ඔබ හිනැහී හිනැහී
කාටද ඇදුම වියන්නේ
කාටද ඇදුම වියන්නේ


මාලගිරා තටු සේම රුවින් යුතු
නිල්වන් ඇදුම වියන්නේ
කාටද ඇදුම වියන්නේ

මාලගිරා තටු සේම රුවින් යුතු
නිල්වන් ඇදුම වියන්නේ
ඊයේ ඉපදුනු කුලුදුල් දූටයි
මේ පොඩි ඇදුම වියන්නේ

සන්නාලියනේ සන්නාලියනේ
මේ හැන්දෑ යාමේ
හැඩ වැඩ දමලා ලස්සන කරලා
කාටද ඇදුම වියන්නේ
කාටද ඇදුම වියන්නේ


සැන්දෑ අහසේ රන්වන් පාටින්
දිලිසෙන ඇදුම වියන්නේ
කාටද ඇදුම වියන්නේ

සැන්දෑ අහසේ රන්වන් පාටින්
දිලිසෙන ඇදුම වියන්නේ
ඒ කුලුදුල් දූ දීගෙක දෙන්නයි
මංගල ඇදුම වියන්නේ

සන්නාලියනේ සන්නාලියනේ
සීතල හද එළියේ
මැළවුණු මුහුණින් වෙව්ලන දෑතින්
කාටද සලුව වියන්නේ
හීතල සලුව වියන්නේ

කණකොක් තටුවේ සුදුමැලි පාටින්
සීතල සලුව වියන්නේ
කාටද සලුව වියන්නේ

කණකොක් තටුවේ සුදුමැලි පාටින්
සීතල සලුව වියන්නේ
මියගිය ඇයගේ මිනිය වහන්නයි
සීතල සලුව වියන්නේ....",මාලගිරා තටු සේම රුවින් යුතු නිල්වන් ඇදුම,මාලගිරා තටු,parrot wings,ඇදුම,cloth,සන්නාලියන් වියන ඇඳුම මාලගිරවෙකුගේ තටුවක පාට මෙන් අලංකාරය,124
Magee Kandulin,W.D.Amaradewa,Mahagamasekara,W.D.Amaradewa,මගේ කඳුළින්,ඩබ්ලිව්.ඩී.අමරදේව,මහගමසේකර,ඩබ්ලිව්.ඩී.අමරදේව,"මගේ කඳුළින් ඔබේ දෙනුවන්
දොවාලන්නට වරම් නෑ
මගේ දෙතොලින් ඔබෙ කඳුලැල්
නිවාලන්නට වරම් නෑ

සිතෙයි දෝතින් මලක්‌ සේ ගෙන
ඔබේ සෙනෙහස වැළඳ ගන්නට
නමුදු පරසතු මලක්‌ වී ඔබ
නොමැත මා හට සුවඳ දෙන්නේ

සිතේ ඇවිළෙන ඔබේ හදවත
මගෙ සුසුමින් නිවා ලන්නට
නමුදු අවසර නොමැති පියසෙකි
ඔබේ ලොව මට අත පොවන්නට",පරසතු මලක්‌ වී ඔබ ,පරසතු මලක්‌,flower,ඔබ,you,ඔබ පරසතු මලක් සේ මට අයිතියක් නොමැත,94
Mindada Hisara,W.D.Amaradewa,Madawala S.Rathnayake,W.D.Amaradewa,මින්දද හීසර,ඩබ්ලිව්.ඩී.අමරදේව,මඩවල එස්. රත්නායක,ඩබ්ලිව්.ඩී.අමරදේව,"මින්දද හීසර වැදී සැළෙන හද
නංවන දුක් ගී ඔබට ඇසෙනවද
චන්දන මල් අතුරා ඇති යහනට
කන්ද කපා පායන් රන් පුන් සඳ
මින්දද හීසර වැදී සැළෙන හද
නංවන දුක් ගී ඔබට ඇසෙනවද
චන්දන මල් අතුරා ඇති යහනට
කන්ද කපා පායන් රන් පුන් සඳ
තුරඟෙකු පිට නැගි නීල වලාකුළු
ගුවන් ගැබෙන් ඔබ ඇදෙන වෙලේ
තුරඟෙකු පිට නැගි නීල වලාකුළු
ගුවන් ගැබෙන් ඔබ ඇදෙන වෙලේ
පිබිදෙන දෑසින් බලා හිඳිමි මම
පිබිදෙන දෑසින් බලා හිඳිමි මම
කුසුම් සිනා කැන් හද පුරවා
මින්දද හීසර වැදී සැළෙන හද
නංවන දුක් ගී ඔබට ඇසෙනවද
චන්දන මල් අතුරා ඇති යහනට
කන්ද කපා පායන් රන් පුන් සඳ
මෙතුවක් කල් මුව මඬල වසා සිටි
අන්ධකාර සළු පටින් මුදා
මෙතුවක් කල් මුව මඬල වසා සිටි
අන්ධකාර සළු පටින් මුදා
නෙත් මිණි පහණින් පහන් කරනු මැන
නෙත් මිණි පහණින් පහන් කරනු මැන
අනාගතේ මං පෙත පාදා",නෙත් මිණි පහනින් පහන් කරනු මැන,පහන,lamp,නෙත්,eyes,පහනක අලෝකය සේ ඔබේ නෙත් මගේ ලෝකය එලිය කරවයි,147
Paalu Anduru Nil Ahasa Mamai,W.D.Amaradewa,Mahagamasekara,W.D.Amaradewa,පාලු අඳුරු නිල් අහස මමයි,ඩබ්ලිව්.ඩී.අමරදේව,මහගමසේකර,ඩබ්ලිව්.ඩී.අමරදේව,"පාලු අඳුරු නිල් අහස මමයි
ඈත දිලෙන තනි තරුව ඇයයි
යුගයෙන් යුගයට හදවත් ඉල්ලන
බලාපොරොත්තුව පැතුම ඇයයි
පාලු අඳුරු නිල් අහස මමයි
ඈත දිලෙන තනි තරුව ඇයයි

අසාර වූ මහ පොළොව මමයි
ගලා බසින දිය දහර ඇයයි //
යුගයෙන් යුගයට හදවත් නලවන
සදාකාලික වු සැපත ඇයයි

පාලු අඳුරු නිල් අහස මමයි
ඈත දිලෙන තනි තරුව ඇයයි

කැළෑව මැද ක‍ටු පඳුර මමයි
පිපී වැනෙන මල් පොකුර ඇයයි //
යුගයෙන් යුගයට හදවත් පුරවන
අඳුරු වේදනා කැටිය ඇයයි",පාලු අඳුරු නිල් අහස මමයි ඈත දිලෙන තනි තරුව ඇයයි;අසාර වූ මහ පොළොව මමයි ගලා බසින දිය දහර ඇයයි,තරුව;දිය දහර,star;waterfall,ඇය;ඇය,she;she,පාලු අඳුරු වූ මගේ ජීවිතයට තනි තරුවක් ලෙස දිලී අලෝකය දෙන්නේ ඇයයි;අසාර වූ  මගේ ජීවිතයට ගලා බසින දිය දහර සේ පණ දෙන්නේ ඇයයි,69
Nil Maanel Mal Pipuna,W.D.Amaradewa,Madawala S.Rathnayake,W.D.Amaradewa,නිල් මානෙල් මල් පිපුනා,ඩබ්ලිව්.ඩී.අමරදේව,මඩවල එස්. රත්නායක,ඩබ්ලිව්.ඩී.අමරදේව,"නිල් මානෙල් මල් පිපුනා
නෙත් සැදුනා ඒ අනුරාගී
නළල ඇගේ අඬසඳ වාගේ
මිහිර නොවෙද හදවත කාගේ

මුතු ඇටවන් දත් පෙළ සුදිළේ
සිනහ නැඟේ දත්වල කැල්මේ
ඇයගෙ දෙපා ළඟ මහද තැවේ
එපමණි මා ලද එකම සුවේ

දිගින් දිගට නැතිවී නැතිවි
අඳුරු වුනා මල්බර ජීවේ
තනිකම මා වට පැතිර සැළේ
වීණා තත්සර මිහිර බිඳේ

පිසදාලා තනිකම ලෝකේ
ලොව නැහැවූ සුගතිය ජලයේ
බුදුහිමි මම ඔබ හමුව ලොවේ
සටනට එන්නෙමි රැයද දැවේ",මුතු ඇටවන් දත් පෙළ සුදිළේ,මුතු ඇට,pearl,දත් පෙළ,teeth,ඇයගේ දත් පෙළ මුතු ඇටසේ සුදු පාටින් දිලිසේ,233
Muni Siri Paa Simbiminne,W.D.Amaradewa,S. Mahinda Thero,W.D.Amaradewa,මුණි සිරිපා සිඹිමින්නේ,ඩබ්ලිව්.ඩී.අමරදේව,එස්‌. මහින්ද හිමි,ඩබ්ලිව්.ඩී.අමරදේව,"මුණි සිරිපා සිඹිමින්නේ
සමනොළ ගිරි පෙදෙසින්නේ
මඳ සුළඟයි මේ එන්නේ
මගේ පුතා නැලැවෙන්නේ

ජාතික රණ දෙරණ මතේ
ගැටී වැටී මළ මොහොතේ
සුන්දර සුරඹුන් ගෙ අතේ
නැළවෙනෙ බව සිතනු පුතේ
නිදහස්‌ හිරු පායනවා
දෑ බැති මල් පිබිදෙනවා
සිරිලක්‌ මව හිනැහෙනවා
මගේ පුතා නැළවෙනවා

කැප්පෙටිපොළ සෙනවිසුරු
කළ රුපු සෙන් මන් දැදුරු
අවිරු විකුම් පෑ අයුරු
නුඹට පුතේ වෙයි මියුරු
ජාතිය රන් විමනක්‌ වේ ආගම මිණි පහනක්‌ වේ
එය රැකගන්නට මෙලොවේ
සමත් වෙතොත් පුත නුඹවේ",ජාතිය රන් විමනක්‌ වේ; ආගම මිණි පහනක්‌ වේ,රන් විමන; මිණි පහන,"golden palace, lamp",ජාතිය;ආගම,Race; Religion,ජාතිය යනු රන් විමනක්‌ ලෙසට වටින්නකි; ආගම මිණි පහනක්‌ ලෙසින් ලොවම අලෝකමත් කරයි,209
Kanden Landen,W.D.Amaradewa,Sunil Sarath Perera,W.D.Amaradewa,කන්දෙන් ලන්දෙන්,ඩබ්ලිව්.ඩී.අමරදේව,සුනිල් සරත් පෙරේරා,ඩබ්ලිව්.ඩී.අමරදේව,"කන්දෙන් ලන්දෙන් බැස දිවැ එන්නේ..
මා දං බෝවිටියා රස දන්නේ..
නින්දේ දුටු සිහිනය එලි වන්නේ..
සැන්දෑ කුමරිය ගඟට බසින්නේ..

පුරා උදුල ඇගෙ වත සොමි උන්දා
සරා සදක් වේ සිත බැදි ලොල්ලා
නුරා බසක් වී හද එලි දල්ලා
පුරා බඳුන් වී සතුට ගෙනැල්ලා..

කන්දෙන් ලන්දෙන්...

නවම් මහේ මගෙ පැලට වඩින්නේ
උවම් මොටද ඉන් දුක් දුරුවන්නේ..
දෑත සුරල් ගී රබන් වයන්නේ
ගීත සවන් වී බඳුන් පිරෙන්නේ..",සරා සඳක්‌ සේ,සරා සඳ,moon,කාන්තාව,women,කාන්තාව සරා සඳක්‌ සේ නිර්මල හා පිවිතුරුය,64
Kanda Udin Ena,W.D.Amaradewa,Mahagamasekara,W.D.Amaradewa,කන්ද උඩින් එන,ඩබ්ලිව්.ඩී.අමරදේව,මහගමසේකර,ඩබ්ලිව්.ඩී.අමරදේව,"කන්ද උඩින් එන කිකිළිය ගෝමරියේ
නළල් වටින්
එන දාඩිය මුතු කැටියේ

කන්ද උඩින් එන ගෝමරියේ
ඇයි මට පිටුපා ගෙට යන්නේ
ඇයි මට පිටුපා ගෙට යන්නේ
නළලේ දාඩිය මුතුපට පටලා
වලාකුළේ සුදු සේලය රැළි ලා

වලාකුළේ සුදු සේලය රැළි ලා
අත පාමුදු පය පාමුදු ලාගෙන
ළමැදේ ගෝමර මල් ගවසාගෙන
කන්ද උඩින් එන ගෝමරියේ

කන්ද උඩින් සඳවත පායන්නේ
සිනා කිරෙන් සඳ එළිය ගලන්නේ
ලැවුගිණි ගත් සිත එයිනි නිවෙන්නේ
රන් තැටියෙන් කිරි දියර දියන්නේ
කන්ද උඩින් එන ගෝමරියේ

කඳු පාමුල මිටියාවත වැතිරී
ඔබ එනතුරු මම හිඳිනෙමි තනිවී
ඈත ඉඳන් කඳු මුදුනට නැගලා
මා කැඳවන් ඔබ වෙත අත වනලා
කන්ද උඩින් එන ගෝමරියේ
ඇයි මට පිටුපා ගෙට යන්නේ
ඇයි මට පිටුපා ගෙට යන්නේ
නළලේ දාඩිය මුතුපට පටලා
වලාකුළේ සුදු සේලය රැළි ලා

වලාකුළේ සුදු සේලය රැළි ලා
අත පාමුදු පය පාමුදු ලාගෙන
ළමැදේ ගෝමර මල් ගවසාගෙන
කන්ද උඩින් එන ගෝමරියේ",වළකුලේ සුදු සේලය රැළි ලා,වළාකුල,cloud,සේලය,cloth,ඇයගේ සේලය වළාකුලක් සේ සුදු පැහැයෙන් බබළයි,204
Kandulu Kiri Powa,W.D.Amaradewa,Dharmasiri Gamage,Sarath de Alwis,කඳුළු කිරි පොවා,ඩබ්ලිව්.ඩී.අමරදේව,ධර්මසිරි ගමගේ,සරත් ද අල්විස්,"කඳුළු කිරි පොවා
තුරුලේ සෙනෙහසින් හදා
කඳුළු විල දිගේ
නොපෙනී ගියාදෝ අම්මා

සත් පියුම් විලේ
විල මැද යළි පිපී දිලේ
දුටු සඳ දරුවන් වෙත මවකගේ සෙනේ
මිහිකත වුව හඬා වැටේ

නිවන් මන් පෙතේ
ඔබ ගිය මන් ලකුණු පෙනේ
වඩිනා දා නිවන් පුතු සෙනේ වඩා
මා දෙස බලනු මට දැනේ",මවකගේ සෙනේ මිහිකත වුව හඬා වැටේ,මිහිකත,earth,මවකගේ සෙනේ,mothers' love,මවකගේ සෙනේ මිහිකත තරම් අපරිමිත වේ,104
Sasara Wasana Thuru,W.D.Amaradewa,Dolton Alwis,W.D.Amaradewa,සසර වසන තුරු,ඩබ්ලිව්.ඩී.අමරදේව,ඩෝල්ටන් අල්විස්,ඩබ්ලිව්.ඩී.අමරදේව,"සසර වසන තුරු නිවන් දකින තුරු
සසර වසන තුරු නිවන් දකින තුරු
පින්කෙත හෙල රන් දෙරනේ
යළි උපදින්නට
හේතු වාසනා වේවා
හේතු වාසනා
රත්නමාලි සෑ කිරණයි
මහ බෝ සෙවනයි
තිසා වැවයි සීගිරියයි
මගේ උරුමයයි //
සසර වසන තුරු",පින් කෙත හෙළ රන් දෙරණේ ,පින් කෙත,field of merits,දෙරණ,earth,මේ දෙරණ පින් කෙතක් ලෙස වටී,233
Kale Pipunu Malak Wilasa,W.D.Amaradewa,Monica Ruwanpathirana,W.D.Amaradewa,කැළේ පිපුණු මලක් විලස,ඩබ්ලිව්.ඩී.අමරදේව,"මොනිකා රුවන්පතිරණ",ඩබ්ලිව්.ඩී.අමරදේව,"කැලේ පිපුණු මලක් විලස ඇගේ රූ සිරි දිළෙනා
ඇළේ දොළේ පෙණ පිඩු ඇගෙ සිනා වතින් සැළෙනා
කැලේ එපිට ඈත රටක ගවු සිය ගවු දුරිනා
සිදාදියෙන් එමල සොයා කවුදෝ එනු ඇසෙනා

සිදාදියේ මන්දිරයක සඟවාලන ලෙසිනා
දෑස වසා ඇය ගෙනයන රහස්‌ කතා ඇසෙනා

සිදදියේ මන්දිරයක බැළ මෙහෙවර කරනා
අනාගතය සිහිවී ඇගෙ නෙත කඳුලැලි සැළෙනා

හදේ නැඟෙන ගිනි දැල්ලක්‌ ඇගෙ රන් බඳ වෙළනා
කැලේ පිපුණු සොඳුරු මලට නැතිදෝ රැකවරණා",කැළේ පිපුණු මලක් විලස ඇගෙ රූ සිරි,කැළේ පිපුණු මලක්,wild flower,ඇය,she,ඇයගේ සුන්දරත්වය කැළේ පිපුණු මලක් මෙන්ය,194
Sihina Nelum Mala,W.D.Amaradewa,Dharmasiri Gamage,W.D.Amaradewa,සිහින නෙළුම් මල,ඩබ්ලිව්.ඩී.අමරදේව,ධර්මසිරි ගමගේ,ඩබ්ලිව්.ඩී.අමරදේව,"සිහින නෙළුම් මල ජීවිත පොකුණේ
දෑස අබියස පිපී සැලේ
දෑස අබියස පිපී සැලේ
සිහින නෙළුම් මල ජීවිත පොකුණේ

තුන් යම ගත වූ ජීවිතයේ
අරුණළු නැගෙනා පභාතයේ //
අහස ඉසව්වෙන් ඔබ මා දුටුවේ
රිදී පහන් තරුවක් වාගේ
රිදී පහන් තරුවක් වාගේ

දෑස වසාගෙන මැදියම් යාමේ
යහනත වැතිරී නිදන වෙලේ //
කවියක් ලෙස ඔබ හදවත ගුලි වී
මා හද පිරිමැද අවදිකලා

මැදියම අවදි ව හැබැහින් දුටුවෙමි
පෙරයම නින්දේ දුටු සීනේ
එහෙත් සිහිනයක් වේ දෝ එය යළි
ජීවිතයේ අන්තිම යාමේ",ඔබ මා දුටුවේ රිදී පහන් තරුවක් වාගේ,රිදී පහන් තරුවක්,silver star,ඔබ,you,ඇය රිදී පහන් තරුවක් වාගේ අන්ධකාරයේ දිලිසේ,227
Paaramitha Bala Puuritha Puujitha,W.D.Amaradewa,Chandraratne Manawasinghe,W.D.Amaradewa,පරමිතා බල පූරිත පූජිත,ඩබ්ලිව්.ඩී.අමරදේව,චන්ද්‍රරත්න මානවසිංහ,ඩබ්ලිව්.ඩී.අමරදේව,"පාරමිතා බල පූරිත පූජිත බුද්ධ දිවාකරයානෝ
වෙසක් පොහෝ දින දිනූ සේක ලොව බුද්ධ දිවාකරයානෝ
සැනසෙමු පුද දී මුනි සිරිපාදේ
පිහිනමු පිහිනමු බුදු ගුණ මූදේ
පාරමිතා බල පූරිත පූජිත බුද්ධ දිවාකරයානෝ
වෙසක් පොහෝ දින දිනූ සේක ලොව බුද්ධ දිවාකරයානෝ

සනසා මුලු ලොව නිවන් ලබා දී පුන්ය මහෝදධි ශාන්ත සමාධී//
සනරාමර ගුරු ලෝක තිවංකර බුද්ධ දිවාකරයානෝ//

මාර පරාජය කළ මුනිඳුන්ගේ.....// කරුණා සීතල මෙත් ධාරා
ගලා බසී තුන් ලෝ තලයේ දුක් ගිමන් නිවා අම සෙත සාධා
බුදුරැස් කැටි වී නැගි ආලෝකේ
පිස යයි දුක ඳුරු මුලු තුන් ලෝකේ
බුදුරැස් කැටි වී නැගි ආලෝකේ
පිස යයි දුක ඳුරු මුලු තුන් ලෝකේ
පාරමිතා බල පූරිත පූජිත බුද්ධ දිවාකරයානෝ
වෙසක් පොහෝ දින දිනූ සේක ලොව බුද්ධ දිවාකරයානෝ",පිහිනමු බුදුගුණ මුහුදේ,මුහුද,sea,බුදුගුණ,lord buddha,බුදුගුණ මුහුදක් ලෙස අපරිමිත වේ,156
Shilpa Sodin,Sunil Edirisinghe,Wasantha Kumara Kobawaka,Victor Rathnayake,ශිල්ප සොඳින්,සුනිල් එදිරිසිංහ,වසන්ත කුමාර කොබවක,වික්ටර් රත්නායක,"ශිල්ප සොඳින් දැනගන්න ගිහින් නුඹ
යහතින්දෝ කොළොම්පුරේ
ඉන්න නොවේ මියැදෙන්න හිතයි මට
නුඹ නැති හන්දා මං තනියේ

හැන්දෑ අවරට දැක්කද නංගෝ
තුරුළු වෙලා ඉන්නා ජෝඩූ
රංචු මිසක තනියෙන්ම නොයන්නේ
ඒ නුවරට උඹ කිරිකෝඩූ

නාමල් සුවඳක් පෙරදා වාගේ
අද නැහැ නොවැ ඇළ ඉස්මත්තේ
නාමල් සුවඳට බඹරු ඇදේදෝ
මගතොට නුඹ යනෙනා වාරේ",උඹ කිරිකෝඩූ  නාමල් සුවඳක් පෙරදා වාගේ,නාමල් සුවඳ,smell of a flower,ඔබ,you,ඔබ කිරිකෝඩූ  නාමල් සුවඳක් සේ මිහිරිය,87
Sathara Digin Ena,Sunil Edirisinghe,Rohana Weerasinghe,Rohana Weerasinghe,සතර දිගින් එන,සුනිල් එදිරිසිංහ,රෝහණ වීරසිංහ,රෝහණ වීරසිංහ,"සතර දිගින් එන සුලඟට සතර අතින් ඇතුළුවන්න
අප වසනා නවාතැනේ කවුළු නිබඳ ඇර තබන්න //

ඒ සුලඟින් මුල් ඉදිරී අතරමංව දිව නොයන්න
ප්‍රඥාවේ මිණි පහනින් එළිය ලබා රැඳී ඉන්න
දේදුන්නේ පාට වලින් පියවි දෑස් අන්ධ නොවන
මුළු සඵල ගී නාදය ඔබ සවනට රැගෙන එන්න

වද වාගිනි නැගෙන තැනක සිහිලැල් පෙම් දිය ඉසින්න
දණින් වැටෙන මිනිසත් බව ඔසවා සිහසුන තබන්න

සතර දිගින් එන... //",ප්‍රඥාවේ මිණි පහනින් එළිය ලබා ,මිණි පහන,lamp,ප්‍රඥාව,knowledge,ප්‍රඥාව ඇති මිනිසා මිණි පහනක් සේ ලොව එලිය කරයි,223
Wasanthaya Awidin,Sunil Edirisinghe,Indrasiri Suraweera,Karunarathna Wijewardane,වසන්තය ඇවිදින්,සුනිල් එදිරිසිංහ,ඉන්ද්‍රසිරි සුරවීර,කරුණාරත්න විජේවර්ධන,"වසන්තය ඇවිදින් මටත් හොරැහින්
සිත් මල් පිපිලා හද විල් තෙමිලා
වසන්තය ඔබ ගෙනැවිත්

ගිලාන වූ හද සෝ ලතැවුල් පිස
ඔබේම ඇසුරින් සුවපත් වූදා
නොනිමි සෙනෙහසෙන් සිත උතුරා යයි
ජීවිතයේ නව පැතුම් සොයා

වසන්තය ඇවිදින් ...

අඳුරට හුරු මුදු මගේ දැවුණු සිත
ඔබේ වදනකිනි සැනසුම ලැබුවේ
වියැකී යන්නට ඉඩක් නොදී යලි
සුරකිමි ඔබ මා හද රඳවා",සිත් මල් පිපිලා හද විල් තෙමිලා,මල්,flower,සිත්,mind,පිරිසිදු සිත මලක් ලෙස සුවඳ දේ,178
Pavin Maa Mudagath,Sunil Edirisinghe,Wasantha Kumara Kobawaka,Rohana Weerasinghe,පවින් මා මුදා ගත්,සුනිල් එදිරිසිංහ,වසන්ත කුමාර කොබවක,රෝහණ වීරසිංහ,"පවින් මා මුදා ගත් පින නුඹට අත්වේවී
ලඳුනි කරුණා ගුණය ප්‍රේමය නොවන බව වැටහේ
පවින් මා මුදාගත් පින නුඹට අත්වේ

අසාර වූ මා ජීවිතේ දළු දමා නැගි ආදරේ
නියෙන් සිඳලන්නෙමි නොයෙන්නෙම යන්නෙමි
ඔබට සුබ පතමි

පවින් මා මුදා ගත් පින නුඹට අත්වේවී

නෙතක නිලුපුල් ආදරේ මල් පවන් වැද හිම වටේ
ඉකිබිඳින මහ වනස්පතිඳුන්
නිම නොවන ආදරෙන් ඔබට සුබ පතමී

පවින් මා මුදා ගත්...",දළු දමා නැගි ආදරේ,දළු දමා නැගෙන ගසක්,growing tree,ආදරය,love,නවක ආදරය දළු දමා නැගෙන ගසක් හා සමානය,177
Mee Ada Sandama,Sunil Edirisinghe,Wasantha Kumara Kobawaka,Rohana Weerasinghe,මේ අඩ සඳම,සුනිල් එදිරිසිංහ,වසන්ත කුමාර කොබවක,රෝහණ වීරසිංහ,"මේ අඩ සඳම නොවෙද නුඹෙ ගෙපැලේ පිල මතටත් වැටෙන්නේ
මුදු සීත සුලඟ නිදි නැති නුඹ ගැන කොඳුරා කියන්නේ //

මේ සෙනෙහෙ කන්ද නුඹේ හිතට බර වැඩි වුණු හින්දා //
මගෙ පැතුම් කන්ද නුඹෙ පාමුල විසිරුණිදෝ මන්දා
නෑසියන් බහට අවනත වී මා හැරගිය හින්දා
මගෙ පහන් කන්ද නිවී ගියා දන්නවාද මන්දා

මේ අඩ සඳම ...

රියසක ලෙස පෙර පින පව අප පසුපස ආවේනම් //
මේ විරසකයක් වෙලා මොටද පෙර පෙම් කෙරුවානම්
රහසක් නෑ මින් මතුවත් වෙනසක් නෑ මා නම්
හසරක් නැති ආදරයක් යළි නොපතමි කිසිදා මං",සෙනෙහෙ කන්ද නුඹේ හිතට බර වැඩි වුණු හින්දා,කන්ද,mountain,සෙනෙහස,affection,මගේ සෙනෙහස කන්දක් තරමට විශාලය,63
Sakisanda Numbamaya,Sunil Edirisinghe,Sunil Edirisinghe,Rohana Weerasinghe,සකිසඳ නුඹමය,සුනිල් එදිරිසිංහ,සුනිල් එදිරිසිංහ,රෝහණ වීරසිංහ,"සකිසඳ නුඹමය කළණ මිතුරු සඳ
කෙනෙකුට සිතුසේ ලබනු බැරී
බිතු සිතුවම් රූ මිතුදම් වෙයමද
සසර පුරා බිඳ දමනු බැරී //

නුඹෙ රුව නිමිතෙක රසඳුන් වේමය
දුටු තැන ඇසිපිය හෙලනු බැරී
කුසුමකි නුඹෙ සිත සුවඳින් උතුරන
රහසේ සඟවා තබනු බැරී

සකිසඳ නුඹමය...

අමයුරු තෙපුලද සුමියුරු ගීයක
නොඅසා මොහොතක් හිඳිනු බැරී
නිර්දක කතරේ දිය දෝතයි නුඹ
කෙලෙසින් වත් මිල කරනු බැරී",බිතු සිතුවම් රූ මිතුදම් වෙයමද සසර පුරා බිඳ දමනු බැරී,බිතු සිතුවමක්,wall painting,මිතුදම,friendship, මිතුදම බිතු සිතුවමක් ලෙස සැමදා පවතී,107
Nidukaanane,Sunil Edirisinghe,Kumaradasa Saputhanthri,Rohana Weerasinghe,නිදුකාණනේ,සුනිල් එදිරිසිංහ,කුමාරදාස සපුතන්ත්‍රී,රෝහණ වීරසිංහ,"නිදුකාණනේ… නිදුකාණනේ යොමා බුදු නෙත කුළුණිනේ වඩිනු මැන නිදුකාණනේ 

සිතෙන් සිතක රඳනා කෝප ගිනි උනුන් දවාලන අයුරු දකින්නට 
මුවින් මුවග ගලනා නාග විස උනුන් නසාලන අසිරි බලන්නට 

 යොමා බුදු නෙත කුළුණිනේ වඩිනු මැන නිදුකාණනේ  
නෙතින් නෙතක ගැටෙනා රාග සිත ලෙවන් නෙතින් පිසදා හරින්නට බියෙන් සැකෙන් නැගෙනා තාප ගිනි දයා දියෙන් සනහා නිවන්නට //  
කාලයයි නිදුකාණනේ දීපයයි නිදුකාණනේ දේශයයි නිදුකාණනේ වඩිනු මැන නිදුකාණනේ",කෝප ගිනි උනුන් දවාලන,ගින්න,fire,කෝපය,anger,කෝපය ගින්නක් ලෙස බියකරුය,146
Ruduru Thuru Wadulee,Sunil Edirisinghe,Carlo Fonseka,Rohana Weerasinghe,රුදුරු තුරු වදුලේ,සුනිල් එදිරිසිංහ,කාලෝ ෆොන්සේකා,රෝහණ වීරසිංහ,"රුදුරු තුරු වදුලේ
තියුණු කටු අතරේ
දිලෙන සියුමැලියේ
ඔබයි ජීවන සුවඳ දෙන්නේ
රෝස කුසුම මගේ...
රෝස කුසුම මගේ...

මහදේ රන්සුමු ගේ ඔබ තබලා
නිරන්තරේ රැක ගනිමි පුබුදුවලා
සුවඳ විඳිමින් ඉඳිමි සැමදා
දෑස වැසෙන තුරා...
දෑස වැසෙන තුරා...

රුදුරු තුරු වදුලේ......

මිහිරී... රූසිරී
මිහිරී... ජනනියේ
සිත සැනසේ ඔබ දසුනේ
මුදුමතී... මුදුමතී
සිත සැනසේ ඔබ දසුනේ",ඔබයි ජීවන සුවඳ දෙන්නේ රෝස කුසුම,රෝස කුසුම,rose flower,ජීවන සුවඳ,life,ඔබගේ ජීවන සුවඳ රෝස කුසුමක් ලෙස සුමිහිරිය,50
Nube Sithata Punsanda Paayala Wage,Sunil Edirisinghe,Sunil R. Gamage,Rohana Weerasinghe,නුඹේ සිතට පුන්සඳ පායලා වගේ,සුනිල් එදිරිසිංහ,සුනිල් ආර් ගමගේ,රෝහණ වීරසිංහ,"නුබේ සිතට පුන්සඳ පායලා වගේ....

සිනා කිකිණි මල් පිපුණා දෙතොල දිගේ....
එදා නැගුණු ආදර කැක්කුමට මගේ....
ජාති ජාති නුඹ මට වාසනා නගේ....

අරුංගලේ දිස්නය ඇස් දෙකට අගේ....
මාල පොටේ මුතු අමුණා මුවග අගේ....
දෙපෝදාට අහසේ තරු රෑන වගේ...
ආල සිතක් බැඳුණයි රන් රුවට නුඹේ....

සිනා කිකිණි මල් පිපුණා දෙතොල දිගේ...
එදා නැගුණු ආදර කැක්කුමට මගේ...
ජාති ජාති නුඹ මට වාසනා නගේ....

නළල් තලට මුතු තැලි පට කිමද දඟේ...
අතැඟිල්ලට රන් මුදුවක් නොවෙද අගේ...
ළතැවිල්ලට මංගල පෝරුවක් කොහේ...
සැනසිල්ලට දුරු රටකට යමුද නගේ...

එදා නැගුණු ආදර කැක්කුමට මගේ...
ජාති ජාති නුඹ මට වාසනා නගේ...

ජාති ජාති නුඹ මට වාසනා නගේ..",නුඹේ සිතට පුන්සඳ පායලා වගේ ,පුන්සඳ,full moon,සිත්,mind,සතුටින් දිලෙන ඇයගේ සිත හරියට පුන්සඳක් මෙන් පිවිතුරුය,167
Aradhana,W.D.Amaradewa,Kularathna Ariyawansa,Rohana Weerasinghe,ආරාධනා,ඩබ්ලිව්.ඩී.අමරදේව,කුලරත්න ආරියවංශ,රෝහණ වීරසිංහ,"ජීවිතයේ තනි මංසල අතරමං වෙලා
හුදෙකලාව සුසුම් හෙලන හදවත සනසා
අතීතයේ ගිලිහී ගිය
සතුට රැගෙඅන් යළි වඩින්න..
ආරාධනා...

නෙලූ සුපෙම් කැටයම් හද පවුරු තලාවේ
මැකී ගියාදෝ කාලයේ වෙරළේ
ජීවිතයේ දිගු ගමනින් අනාථ වූදා
ස්‌නේහයේ සත් පියුමෙන් යළිදු පිපේවා..
ආරාධනා

එදා සිඟිති ගී සුවඳින් යුගදිවි අරණේ
ඔබේ උණුහුමේ යළිඳු උපන්නෙමි
බිඳුනු එවන් රජ දහනින් සමුගෙන යනදා
ඔබේ නුවන් පහනින් යළි එළිය ලැබේවා..
ආරාධනා...
",නුවන් පහනින්,පහන,lamp,ඇස්,eyes,ආලෝකමත් ඇස් දෙක,171
Dora Kawlu,Nanda Malini,Sunil Ariyarathne,Sarath Dasanayake,දොර කවුළු,නන්දා මාලිනි,සුනිල් ආරියරත්න,සරත් දසනායක,"දොර කවුළු විවර කරන අරුණ උදයේ
සීතල සුලඟ ඔබේ සුවඳ රැගෙන හමාවා
නිදියහන දෙනෙත නිසළ කරන මොහොතේ
රෑ ඝන අඳුර ඔබේ සිහින මසිත සදාවා
දොර කවුළු විවර කරන අරුණ උදයේ

හද පෑරී රුදුම් දිදී තෙමා වැටෙන විට සළුපිළි
විෂ හීසර පහර වැදී දවා නැගෙන විට සෝගිනි
සීත ගගුළක් වී මා දොවමින් ගලාවා
දොර කවුළු විවර කරන අරුණ උදයේ …
බියකරු දිවි සටන් බිමේ පිළිරැව් දෙනවිට රණගොස
තනිවී දිවි සොහොන් බිමේ මළපොත ගෙන පෙරළන විට
මාල ගිරවෙකු වී මා නිවමින් ගයාවා",දිවි සොහොන් බිමේ,සොහොන් බිම,Graveyard,ජීවිතය,life,පාලුවට ගිය ජීවිතය,98
Obai Ramya Sada Kiranna,Nanda Malini,Sunil Ariyarathne,H.M. Jayawardhana,ඔබයි රම්‍ය සඳ කිරණ,නන්දා මාලිනි,සුනිල් ආරියරත්න,එච්. එම්. ජයවර්ධන,"ඔබයි රම්‍ය සඳ කිරණ
ඝණ අන්ධකාරේ...
ඔබයි සෞම්‍ය තරු එළිය
ගිම්හාන කාලේ...//

සදානන්ද කරවූ
ඔබේ මධුර රාවෙන්
පිපී ආමි අරවින්දයක් සේ තඩාගේ...

ප්‍රේමය නම් කිමැයි ඔබ මට කියාදුන්නේය
දැන් මගේ පරමාර්ථය ඔබය
මගේ පරමාදර්ශය ඔබය
මගේ ඒකායන ප්‍රාර්ථනයද ඔබය

ඔබයි රම්‍ය සඳ කිරණ
ඝණ අන්ධකාරේ...
ඔබයි සෞම්‍ය තරු එළිය
ගිම්හාන කාලේ...

උදා වූ සුපෙම් දම්
නුසුන් වී රැදේවා
මගේ පුංචි ලෝකේ
තැවුල් දුක් නොවේවා...
",ඔබයි රම්‍ය සඳ කිරණ; ඔබයි සෞම්ය තරැ එළිය,සඳ කිරණ; තරැ එළිය,Moon;stars,ඔබ; ඔබ,you;you,ඔබ මගේ ජීවිතය ආලෝකමත් කරයි; ඔබ තරු එලිය වගේ මට සෞම්‍යයි,199
Ada Pamanak Nowe Apata,Nanda Malini,Karunarathne Abeysekara,Premasiri Kemadasa,අද පමණක් නොවේ අපට,නන්දා මාලිනි,කරුණාරත්න අබේසේකර,ප්‍රේමසිරි කේමදාස,"අද පමණක් නොවේ අපට හෙටක් තියනවා...

අරුණළු කැන් හිනැහී නව දිනක් ලබනවා...
අඳුරෙන් බර ආකර තුළ මැණික් දිලෙනවා...
දෙස බස රැස අපේ අතින් එළිය වැටෙනවා...
දෙස බස රැස අපේ අතින් එළිය වැටෙනවා...

උදාසීන ජාතිය නිදි කිරා වැටෙන්නේ...
උදාරතර හැඟුම් පැතුම් නැත ලියලන්නේ...
උදාගිරෙන් උදාවෙමින්
හිරු එනවාසේ...
නවෝදයක් බිහි කරලමු අපි ඉතිහාසේ...

අද පමණක් නොවේ අපට හෙටක් තියනවා...
අරුණළු කැන් හිනැහී නව දිනක් ලබනවා...
අඳුරෙන් බර ආකර තුළ මැණික් දිලෙනවා...
දෙස බස රැස අපේ අතින් එළිය වැටෙනවා...
දෙස බස රැස අපේ අතින් එළිය වැටෙනවා...

මුනි සිරිපා පියුම් පිපුණ
මේ මහ දෙරණයි...
දිගන්තයේ ජය දද නැගු
හෙළ දෑ වරුණයි...
එම බැතියෙන් අභිමානෙන් මුළු ලොව සුවඳයි...
මෙම නිදහන් දිවි හිමියෙන්
අපහට උරුමයි...

අද පමණක් නොවේ අපට හෙටක් තියනවා...
අරුණළු කැන් හිනැහී නව දිනක් ලබනවා...
අඳුරෙන් බර ආකර තුළ මැණික් දිලෙනවා...
දෙස බස රැස අපේ අතින් එළිය වැටෙනවා...
දෙස බස රැස අපේ අතින් එළිය වැටෙනවා..",මුනි සිරිපා පියුම්,පියුම්,lotus flower,මුනි සිරිපා,lord buddha,බුදුරජාණන් වහන්සේගේ පාද පියුමක් සේ පිරිසිදුයි සිනිදුයි,163
Surya Wee,Nanda Malini,Sunil Ariyarathne,Rohana Weerasinghe,සූර්යයා වී,නන්දා මාලිනි,සුනිල් ආරියරත්න,රෝහණ වීරසිංහ,"සූර්යයා වී ඉන්ද්‍ර දිගින් ඔබ පායනවා... තාරපතී මා අවරගිරින් සැඟවී යනවා...මහබඹු නළලත කෙටුවේ ඔබ රුව.. කිසි කල කිසි දින මට නොලැබෙන්නද...
 ලෝකය දෙකොනේ දෙතැනක තනිවී
 ලොවට හොරෙන් ඉකිබිඳ වැළපෙන්නද..
 උක්දඬු දුන්නේ මල්හීසර නොව..
 විෂ ලූ හීසර අප හද පාරයි...
 අප හමුනොවනා බව පැහැදිළි මුත්බ
ලාපොරොත්තුව හදගැබ මෝරයි...",තාරපතී මා,තාරපතී,star,මා,me,මම සැමවිටම ඔබගෙන් දුරස්ව සිටියි,64
Nawathanpola Obai,Nanda Malini,Sunil Ariyarathne,H.M. Jayawardhana,නවාතැන්පොළ ඔබයි,නන්දා මාලිනි,සුනිල් ආරියරත්න,එච්. එම්. ජයවර්ධන,"නවාතැන්පොළ ඔබයි
ඔබගේ සිනාවයි
ජීවිතේ දිගු වන්දනා ගමනේ
ජීවිතේ දිගු වන්දනා ගමනේ

ආලයේ වන බිඟුන් බමනා
ස්නේහයේ ජල තරඟ බිඳෙනා
නිල්ල දිලෙනා නිම්නයේ
ගරා ‍නොවැටෙන නවාතැන ඔබ

නවාතැන්පොළ ඔබයි
ඔබගේ සිනාවයි
ජීවිතේ දිගු වන්දනා ගමනේ
ජීවිතේ දිගු වන්දනා ගමනේ

දයාවේ සඳ සිසිල ලබනා
සාමයේ මඳ පවන රඳනා
හිම මිදෙන මිටියාවතේ
සදා උණුසුම් නවාතැන ඔබ

නවාතැන්පොළ ඔබයි
ඔබගේ සිනාවයි
ජීවිතේ දිගු වන්දනා ගමනේ
ජීවිතේ දිගු වන්දනා ගමනේ",නවාතැන්පොළ ඔබයි,නවාතැන්පොළ,home,ඔබ,you,නිදහස සැනසීම සතුට තියෙන්නෙ ඔබ ලඟ,28
Rana Gira Joduwai,Nanda Malini,Dharmasiri Gamage,Premasiri Kemadasa,රෑන ගිරා ජෝඩුවයි,නන්දා මාලිනි,ධර්මසිරි ගමගේ,ප්‍රේමසිරි කේමදාස,"රෑන ගිරා ජෝඩුවයි.......
හාද වෙලා ආදරෙන්..
රෑන ගිරා ජෝඩුවයි.......
වනන්තරේ වෙනසක් නෑ..

පෙම් සිතුවිලි පැදේ....
පෙම් සිතුවිලි පැදේ....
ගිය ගිය තැන ආදර රජ මාලිගාව සෑදේ

රෑන ගිරා ජෝඩුවයී.......
හාද වෙලා ආදරෙන්....
රැන ගිරා ජෝඩුවයි.......
වන රේඛා මැද සීතළ හෙවනේ....
අත්වැල් බැඳ යන ආදර ගමනේ...

හුරතල් දැනිලයී... දුක් ගිනි නිවුනේ...
සිනහ කුසුම් තොල්.. පෙති අග පිපුනේ...

රෑන ගිරා ජෝඩුවයි.......
හාද වෙලා ආදරෙන්..
රෑන ගිරා ජෝඩුවයී.......

මල් පෙති උඩ පෙම් සෙවනැලි ඇඳිලා...
දිය රැළි ඒ දැක එබිකම් කරලා...

කඳු මුදුනේ සිට පහළට පැනලා...
විහිළු කරයි මේ ජෝඩුව දැකලා...

වනන්තරේ වෙනසක් නෑ...

පෙම් සිතුවිලි පෑදේ....
පෙම් සිතුවිලි පෑදේ...
හිත ගිය තැන ආදර රජ මාලිගාව සැදේ

",කුසුම් තොල්,කුසුම,flower,තොල්,lips,සිනිදු ලස්සන තොල්,126
Dedunu Paya,Nanda Malini,Lesli Ranasinghe,Premasiri Kemadasa,දේදුනු පායා,නන්දා මාලිනි,ලෙසිල් රණසිංහ,ප්‍රේමසිරි කේමදාස,"දේදුනු පායා පාට වැටෙනවා
ජීවන අහස් තලේ
ආ.දර පවනේ සුසුම් කුසුම් වැල්
මා යන මඟට හැරේ
දේදුනු පායා පාට වැටෙනවා
ජීවන අහස් තලේ
ආ.දර පවනේ සුසුම් කුසුම් වැල්
මා යන මඟට හැරේ
දෑසට දෑසක් හමුවුනු දවසේ
නුපුරුදු හැඟුමක් කියවේ රහසේ
සිතිවිලි දහසක් එක්තැන් වූයේ
පැතුම් ලොවට මගේ ඇයි ඔබ ආවේ
මා කැඳවන ගොලු ඉඟියක් දැනුනා
ආදර විමනේ රන් දොර ඇරුණා
පොපියන හදකින් ආශා හිතුණා
පිටුපා යන්නට බැරි බව හැඟුණා
දේදුනු පායා පාට වැටෙනවා
ජීවන අහස් තලේ
ආ.දර පවනේ සුසුම් කුසුම් වැල්
මා යන මඟට හැරේ
උල්පත් හැදුනේ සිහිල උනන්නයි
මල් කෙමි මැවුනේ රොන් වෑහෙන්නයි
මී වද බැඳුනේ පැණි සුරකින්නයි
හද මැවුනේ ආදරය කරන්නයි
මල්බර තුරු අතු සෙවණ සදනවා
කුරුලු ගීත ආසිරි ගී වෙනවා
තනිවම ගිය මග ඔබ හා යනවා
පෙමට ඇරුණු හද ඔබට පුදනවා",ජීවන අහස් තලේ; සුසුම් කුසුම් වැල්,අහස් තලේ; කුසුම් වැල්,sky;flowers,ජීවිතය; සුසුම්,life;sigh,ඉමක් කොනක් නොපෙනෙන ජීවිතය; සොඳුරු සුසුම්,207
Akuru Sathara Karana Puthuta,Nanda Malini,Sunil Ariyarathne,Shelton Premarathne,අකුරු සතර කරන පුතුට,නන්දා මාලිනි,සුනිල් ආරියරත්න,ෂෙල්ටන් ප්‍රේමරත්න,"අකුරු සතර කරන පුතුට සඳ දෙවියෝ රැස් හෙළූහ
 රෑ තනියට ලඟ ඉන්නට සිය තරු දරුවන් එවූහ.
හිරු දෙවියෝ සුළඟ වෙසින් ආසිරි චාමර සැළූහ

 අකුරු සතර දත් පුතු ලඟ ගණ දෙවියෝ මල් පිදූහ
මගෙ දියණිය මලකි බඹරු එ මල වටා ගී ගැයූහ.
 රොන් ගන්නට බැරිවූ තැන මගෙ මල ගැන පද හැදූහ.
වම් පියයුර ගඩා ගසා බඹර නුවර ගිනි ලැවූහ.

 පත්තිනි දෙවියෝ ඇවිදින් දුවගෙ නමට මල් පිදූහ
සතුරු සෙනග දුටු මනතින් බියසුල්ලෝ පැන දිවූහ.
බාරහාර වී තැන තැන රහසේ කටමැත දෙඩූහ.
 විරු දරුවෝ ගෙන අසිපත් රුපු සේනා පොලු ගැසූහ.කඳ දෙවියෝ රණබිම් වැද බල සෙනඟට මල් පිදූහ.",මගෙ දියණිය මලකි,මල,flower,මගේ දියණිය,daughter,සොඳුරු රුවැති මගේ දියණිය,219
Le kandulin,Nanda Malini,Sunil Ariyarathne,H.M. Jayawardhana,ලේ කඳුලින්,නන්දා මාලිනි,සුනිල් ආරියරත්න,එච්. එම්. ජයවර්ධන,"ලේ කඳුලින් දෙපා දොවා
මුර ගෑ යාදිනි නෑසූ සවනින්\
නොයන් සුපෙම්වත අතැර දමා මා මරු කතරේ.
හද මල් ගොමුවේ ප්‍රථම මලයි ඔබ නෙළුවේ
එමලේ පිවිතුරු සුවඳ පොදයි ඔබ ලැබුවේ
 ආදර කඳුළට නිගා කරන්නට
 සැහැසි වුණේ කිම කියන් සුපෙම්වත...
යෞවනයේ කඳු සිරස මතයි මා  සිටියේ...
 එහි මා කැඳවූ දිනෙක ඔබයි මා නැසුවේ..
කවට කමින් ආළය ගරහන්නට...
සැහැසි වුණේ කිම කියන් සුපෙම්වත...",හද මල් ගොමුවේ,මල් ගොමුවේ,flower,හද,heart,සුන්දර හදවත,102
Mage Sada Oba,Nanda Malini,Sunil Ariyarathne,Rohana Weerasinghe,මගේ සඳ ඔබ,නන්දා මාලිනි,සුනිල් ආරියරත්න,රෝහණ වීරසිංහ,"මගේ සඳ ඔබ - මගේ සඳ ඔබ
එදා සඳ නොව - මෙදා සඳ ඔබ
මගේ සඳ ඔබ මගේ....

එදා මට ඔබ සරා සඳ විය..
කවි ඇසින් දුටු සොඳුරු පියකරු..
අඳුරු හද ගැබ එකලු කරමින්..
උදාවිය ගිරි ශිඛර සිරසේ...

මගේ සඳ ඔබ...

මෙදා මට ඔබ සැබෑ සඳමය..
විදු ඇසින් දුටු ලොවය විසකුරු..
ප්‍රාණයෙන් තොර වියලි සඳසේ..
ඔබද අදමා අසල ගැවසේ...

මගේ සඳ ඔබ...",මගේ සඳ ඔබ,සඳ,moon,ඔබ,you,සොඳුරු පියකරු ඔබ හදවත ආලෝකමත් කරයි,138
Dura Atha Thuru Wadule,Nanda Malini,Kamilas Perera,Sarath Dasanayake,දුර ඈත තුරු වදුලේ,නන්දා මාලිනි,කැමිලස් පෙරේරා,සරත් දසනායක,"දුර ඈත තුරු වදුලේ කටු අකුලේ
පිපි නිදිකුම්බා මල් කැකුළ ඔබයි
 මඳහස මුව මඬලේ නෙතු සඟලේ
නිති තනි රකිනා පිනි කඳුළ මමයි.
මුළු සසර පුරා සිසිලස තවරා
 දිවි ගිමන නිවන මඳ පවන ඔබයි…
හද විමන අරා සෙනෙහස අතුරා
 එහි නිබඳ රඳන මල් සුවඳ මමයි…
ඇස කඳුළු සලා හිස ගිනි අවුලා
 හිත නැඟෙන බිඳෙන දුක් සුසුම ඔබයි…
නිති සිනා සලා දිවි ගෙවන තුරා\n ඔබ සිතන පතන පිළිසරණ මමයි…",නිදිකුම්බා මල් කැකුළ ඔබයි; මඳ පවන ඔබයි; දුක් සුසුම ඔබයි,මඳ පවන; දුක් සුසුම; විමන,wind;sorrow;palace,ඔබ; ඔබ; ඔබ,you;you;you,ගම්බද සුන්දර තරුණියක් ඔබ;  ඔබ මාව සන්සුන් කරයි; මාව නොසන්සුන් කරන්න අඩවන්න පුළුවන් ඔබට,121
Sansara Sagare,Nanda Malini,Sunil Ariyarathne,Sarath Dasanayake,සංසාර සාගරේ,නන්දා මාලිනි,සුනිල් ආරියරත්න,සරත් දසනායක,"සංසාර සාගරේ ජීවිතේ යාත්‍රාව

ඔබ සොයා පදවන්නෙමී....
ඔබ නිසා පදවන්නෙමී....

සංසාර සාගරේ ජීවිතේ යාත්‍රාව
ඔබ සොයා පදවන්නෙමී....
ඔබ නිසා පදවන්නෙමී....


ප්‍රදීපාගාරයක ආලෝක වළල්ලක් එවාලා

ඔබ සිටින ගොඩබිමෙහි
මං ළකුණු දන්වන්න
නැංගුරම් ලන තැනට, පෙනෙන සේ ඔබ ඉන්න


සංසාර සාගරේ ජීවිතේ යාත්‍රාව

ඔබ සොයා පදවන්නෙමී....
ඔබ නිසා පදවන්නෙමී....

වෙරළ වෙත සැපත් මා

දෝත පා පිළිගන්න සිනා සී
දුර්ඝ වූ ගමන් මග විඩා ගිනි දුරලන්න
යාත්‍රාව පදවන්න, මා සමග එක් වන්න


සංසාර සාගරේ ජීවිතේ යාත්‍රාව

ඔබ සොයා පදවන්නෙමී....
ඔබ නිසා පදවන්නෙමී....

සංසාර සාගරේ ජීවිතේ යාත්‍රාව
ඔබ සොයා පදවන්නෙමී....
ඔබ නිසා පදවන්නෙමී....",ජීවිතේ යාත්‍රාව; සංසාර සාගරේ,යාත්‍රාව; සාගරේ,ship;sea,ජීවිතේ; සංසාර,life;life,සසර පුරා ගමන් කරන ජීවිතය; කෙළවරක් නැති සසර,229
Wasanawan,Nanda Malini,Kularathna Ariyawansa,Rohana Weerasinghe,වාසනාවන්,නන්දා මාලිනි,කුලරත්න ආරියවංශ,රෝහණ වීරසිංහ,"වාසනාවන් වාසනාවන්…

ඔබේ දිවි මග වාසනාවේ සුවහසක් මල් පිපේවා…
ඔබේ ලෝකය පැතුම් කුසුමන්
පිපී සුවඳින් පිරේවා…
වාසනාවන් වාසනාවන්…

අහිමි වේ නම් ඔබේ ලෝකය

දුරස් වී මා හිඳින්නම්…
අහිමි වේ නම් ඔබේ ලෝකය
දුරස් වී මා හිඳින්නම්…
සිතින් සිපගෙන ඔබේ පා යුග
සදා සැනසී හිඳින්නම්…
වාසනාවන් වාසනාවන්…

ඔබෙන් හඳුනාගත් මිනිස්කම

තුළින් මා ලොව දකින්නම්…
ඔබෙන් හඳුනාගත් මිනිස්කම
තුළින් මා ලොව දකින්නම්…
ඔබේ සෙනෙහස වුවද මා ලද
වාසනාවකි සිතන්නම්…
වාසනාවන් වාසනාවන්…

ඔබේ දිවි මග වාසනාවේ සුවහසක් මල් පිපේවා…

ඔබේ ලෝකය පැතුම් කුසුමන්
පිපී සුවඳින් පිරේවා…
වාසනාවන් වාසනාවන්…
",පැතුම් කුසුමන්,කුසුමන්,fower,පැතුම්,wishes,සුන්දර ප්‍රාර්ථනාවන්,56
Ayanna Kiyanna Lowatama Ahenna,Nanda Malini,Sunil Ariyarathne,Mervin Perera,අයන්න කියන්න ලොවටම ඇහෙන්න,නන්දා මාලිනි,සුනිල් ආරියරත්න,මර්වින් පෙරේරා,"අයන්න කියන්න ලොවටම ඇහෙන්න

එන්න මගේ මල්ලී
දුවන්න පනින්න නටන්න ගයන්න
එන්න මගේ නංගී
එන්න මගේ මල්ලී
අයන්න කියන්න ලොවටම ඇහෙන්න
එන්න මගේ මල්ලී
දුවන්න පනින්න නටන්න ගයන්න
එන්න මගේ නංගී
එන්න මගේ මල්ලී

පාසල නම් රන් දෙවොලේ

දෙවියන් වන් ගුරු කැළගේ
සිත දිනමින් පා හෙවණේ
ශිල්ප ලබා මතු දවසේ
ලෝකය දකින්න එහි සැරිසරන්න
එන්න මගේ මල්ලී එන්න මගේ නංගී
අයන්න කියන්න ලොවටම ඇහෙන්න
එන්න මගේ මල්ලී
දුවන්න පනින්න නටන්න ගයන්න
එන්න මගේ නංගී
එන්න මගේ මල්ලී
කාසි පනම් හිටි හැටියේ
සතුරෝ ගෙන යති රහසේ
පොතින් පතින් ලද දැණුමේ
ධනය සදාකල් සුරැකේ
ඥානය වඩන්න කාලය ගෙවන්න

එන්න මගේ මල්ලී එන්න මගේ නංගී

අයන්න කියන්න ලොවටම ඇහෙන්න
එන්න මගේ මල්ලී
දුවන්න පනින්න නටන්න ගයන්න
එන්න මගේ නංගී
එන්න මගේ මල්ලී
අයන්න කියන්න ලොවටම ඇහෙන්න
එන්න මගේ මල්ලී
දුවන්න පනින්න නටන්න ගයන්න
එන්න මගේ නංගී
එන්න මගේ මල්ලී
එන්න මගේ නංගී
එන්න මගේ මල්ලී",පාසල නම් රන් දෙවොලේ,රන් දෙවොලේ,heaven,පාසල,school,වටිනා පුජනීය ස්ථානයක් වූ පාසැල,62
Viyo Gee Gayena,Neela Wickramasinghe,Sunil Ariyarathna,Nimal Mendis,වියෝ ගී ගැයෙනා,නීලා වික්රමසිංහ,සුනිල් ආරියරත්න,නිමල් මෙන්ඩිස්,"වියෝ ගී ගැයෙනා හදේ
ආදර මල් නොමියේ
සදා මේ සංසාරේ
අපේ හමුවීම නොවේ

වියෝ ගී ගැයෙනා හදේ
ආදර මල් නොමියේ
සදා මේ සංසාරේ
අපේ හමුවීම නොවේ

අතීතයේ මායා, රූ කැඩී බිදී යාවී
අනාථ වූ මා දෑසේ, කතා නිමා වේවී
මගේ කදුළු හංගා, මා සිනාසිසී ඉන්නේ
ඔබේ ලොවේ හිරු පායා, සදා සිනාසේවා


වියෝ ගී ගැයෙනා හදේ
ආදර මල් නොමියේ
සදා මේ සංසාරේ
අපේ හමුවීම නොවේ

වියෝ ගී ගැයෙනා හදේ
ආදර මල් නොමියේ
සදා මේ සංසාරේ
අපේ හමුවීම නොවේ

අනාගතේ සිහිනේ, නෑ මෙදා සැබෑ වන්නේ

මිලාන වූ ආකාසේ, අපේ පැතුම් පාවේ
මගේ පැළේ තනිවී, මා සුසුම් හෙලන වේලේ
ඔබේ ලොවේ හිරු පායා, සදා සිනාසේවා


වියෝ ගී ගැයෙනා හදේ
ආදර මල් නොමියේ
සදා මේ සංසාරේ
අපේ හමුවීම නොවේ

වියෝ ගී ගැයෙනා හදේ
ආදර මල් නොමියේ
සදා මේ සංසාරේ
අපේ හමුවීම නොවේ

අතීතයේ මායා, රූ කැඩී බිදී යාවී
අනාථ වූ මා දෑසේ, කතා නිමා වේවී
මගේ කදුළු හංගා, මා සිනාසිසී ඉන්නේ
ඔබේ ලොවේ හිරු පායා, සදා සිනාසේවා",ආදර මල් නොමියේ;කදුළු ගගා,මල්;ගග,flower;river,ආදර;කදුළු,love;tears,ආදරය මලක් සේ සොඳුරුය; කදුළු ගංගාවක් ලෙසින් ගලායයි,21
Wana Siupavun,Chandralekha Perera,Sunil Ariyarathna,Rohana Weerasinghe,වන සිව්පාවුන්,චන්ද්රලේඛා පෙරේරා,සුනිල් ආරියරත්න,රෝහණ වීරසිංහ,"වන සිව්පාවුන් වැනි මිනිසුන් මැද

දෙවි දෙවතාවන් වැනි මිනිසුන් ඇත
ඒ දෙවතාවන් දිවුයාංගනාවන්
මනුලෝතලයේ වාසනවන්

වන සිව්පාවුන් වැනි මිනිසුන් මැද
දෙවි දෙවතාවන් වැනි මිනිසුන් ඇත
ඒ දෙවතාවන් දිවුයාංගනාවන්
මනුලෝතලයේ වාසනවන්

වල්මත් වුවන් දැක මහ වන මැද

යායුතු මාවත පෙන්වා
ඒ දෙස බලමින් සැනසෙන මිනිසුන්
ඉටුදෙවියන් ලොව සිටිනා

වන සිව්පාවුන් වැනි මිනිසුන් මැද

දෙවි දෙවතාවන් වැනි මිනිසුන් ඇත
ඒ දෙවතාවන් දිවුයාංගනාවන්
මනුලෝතලයේ වාසනවන්

කදුලු සලන්නන් කදුලින් ගොඩගෙන
මුවගේ හසරැලි රදවා
තුටු කදුලින්නෙත සරසන දෙවියන්
පුද දෙමු දෙවොලට කැදවා

වන සිව්පාවුන් වැනි මිනිසුන් මැද

දෙවි දෙවතාවන් වැනි මිනිසුන් ඇත
ඒ දෙවතාවන් දිවුයාංගනාවන්
මනුලෝතලයේ වාසනවන්

වන සිව්පාවුන් වැනි මිනිසුන් මැද
දෙවි දෙවතාවන් වැනි මිනිසුන් ඇත
ඒ දෙවතාවන් දිවුයාංගනාවන්
මනුලෝතලයේ වාසනවන්
",වන සිව්පාවුන් වැනි මිනිසුන්;දෙවි දේවතාවුන් වැනි මිනිසුන්,සිව්පාවුන්;දෙවි දේවතාවුන්,animal;gods,මිනිසුන්;මිනිසුන්,human;human,සමහර මිනිසුන් වනයේ සිව්පාවුන් ලෙස චන්ඩය ;සමහර මිනිසුන් දෙවි දේවතාවුන් ලෙසට පින්වන්තය,207
Wananthare Maha Roossa,Vijaya Kumarathunga,Sunil Ariyarathna,H.M.Jayawardhana,වනන්තරේ මහ රූස්ස,විජය කුමාරතුංග,සුනිල් ආරියරත්න,එච්.එම්.ජයවර්ධන,"තව ටික දොහයි මාසේ අන්තිම වෙන්න

මගෙ රත්තරන් අම්මේ

මං පඩි අරන් අද හෙට එනතුරු ගමට
තිස්තුන් කෝටියක් දෙවි පිහිටයි නුඹට...
වනන්තරේ මහ රූස්ස ගහ කොළ
බිමට සමතලා කර අම්මේ
රාස්සයින් වගෙ යන්ත්ර සූත්තර
මහ සද්දෙන් යනවා අම්මේ
සිමෙන්ති කළු ගල් ලොරි පිට පටවා
වේල්ල බඳිනා හැටි අම්මේ
බලාන ඉන්නට දවසක උඹවත්
එක්කරගෙන එන්නං අම්මේ...
බින්තැන්නේ මං දහ දුක් විඳලා

මෙදා ගමට ආ දා අම්මේ

උඹේ අතින් මගෙ දෑතේ කරගැට
අතගාලා නාඬන් අම්මේ..
මහියංගණයේ හේවිසියේ හඬ
හැන්ඳෑවට ඇහුනම අම්මේ
සිල් අරගෙන නුඹ ඉන්නා තාලය
අනේ මතක් වෙනවා අම්මේ...

වත්ත පහල පොල් අතු අහුලන්නට

උදෙන්ම යන්න එපා අම්මේ

උදේ රැයින් ඔය පිනි බාලා උඹ
ලෙඩා දුකා වෙයි මගෙ අම්මේ
ගිනි මද්දහනේ බැරි බැරි ගාතේ
ගම්මැද්දේ නොගිහින් අම්මේ
රැයක් නෑර මට හීනෙන් පෙනි පෙනි
මං එනතුරු ඉඳහන් අම්මේ...",රත්තරන් අම්මේ;රාස්සයින් වගෙ යන්ත්‍ර සූත්තර,රත්තරන්;රාස්සයින්,gold;monsters,අම්මා;යන්ත්‍ර සූත්තර,mother;machines,අම්මා රත්තරන් ලෙස වටිනා වස්තුවකි; සමහර යන්ත්‍ර සූත්තර රාස්සයින් ලෙස භයානකය,233
Udawadiya malak,Chamara Weerasinghe',Kavi Keerthi himii,Rohana Weerasinghe,උඩවැඩියා මලක්,චාමර වීරසිංහ,කවි කීර්ති හිමි,රෝහණ වීරසිංහ,"උඩවෑඩියා මලක් වෙලා දුරින් උන්නට

හිත පාරමී පුරන්නෙ දුර ඈත ඉදන්ම
උඩවෑඩියා කුමාරි රජ මෑදුරෙ උපන්න
මට අවසර නෑද්ද ඈවිත් නෙලා ගන්නට
ඈස ඉවතට ගන්න පවා නොහෑකි තරම්ම

මගෙ හිත ඔබ ලග නෑවති මටත් හොරෙන්ම
ලෙන්ගතු වූ ලය සුසුමින් සිදුරු කරන්න
සුන්දර ඔබ නපුරු උනෙ කොහොම කියන්න
උඩවෑඩියා මලක් වෙලා දුරින් උන්නට
හිත පාරමී පුරන්නෙ දුර ඈත ඉදන්ම
උඩවෑඩියා කුමාරි රජ මෑදුරෙ උපන්න
මට අවසර නෑද්ද ඈවිත් නෙලා ගන්නට

පෙම්බර ලොව සිතෑගි සුවද ටිකක් විදින්න

ආදරයේ නෑවුම් සුවද අරගෙන එන්න
මගෙ හද හිමිකාරිය ඔබ නගේ කියන්න
දුරින් ඉන්න එපා තවත් මට රිද්දන්න
උඩවෑඩියා මලක් වෙලා දුරින් උන්නට
හිත පාරමී පුරන්නෙ දුර ඈත ඉදන්ම
උඩවෑඩියා කුමාරි රජ මෑදුරෙ උපන්න
මට අවසර නෑද්ද ඈවිත් නෙලා ගන්නට",උඩවැඩියා මලක් වෙලා දුරින් උන්නට;ආදරයේ නැවුම් සුවඳ ,උඩවැඩියා මල;සුවඳ,flower;smell,ඔබ;ආදරය,you;love,ඔබගේ ආදරය උඩවැඩියා මලක් වගේ මට දුරය;ආදරය අපගේ ජීවිත සුවඳවත් කරයි ,95
Wikasitha Pem,W.D.Amaradewa,Ajantha Ranasingha,Premasiri Kemadasa,විකසිත පෙම්,ඩබ්ලිව්.ඩී.අමරදේව,අජන්තා රණසිංහ,ප්‍රේමසිරි කේමදාස,"විකසිත පෙම් පොකුරු පියුම්

ඔබේ පයට පොඩිවී ගියාදෙන්
පතිකුලයට අද මට පිටුපා යන
මගේ සොදුරු ළදුනේ...
මගේ සොදුරු ළදුනේ

හිතේ කදුළු බිදු රෑ තනි යහනේ

ඉහ ඉද්දර හිද ඉකි බිදිනා හඩ
අාදර සැමරුම් ප්‍රේම පුරාණේ
ඔබට විරහ ගිනි නොගෙනේවා
ඔබට විරහ ගිනි නොගෙනේවා
විකසිත පෙම් පොකුරු පියුම්
ඔබේ පයට පොඩිවී ගියාදෙන්
පතිකුලයට අද මට පිටුපා යන
මගේ සොදුරු ළදුනේ...
මගේ සොදුරු ළදුනේ

තනිකම රජයන පාළු විමානේ

ගොම්මන් කළුවර හඩා වැටෙද්දී
ඔබ දිවි අරණේ රුවන් විජිතයේ
මැණික් පහන් වැට දැල්වේවා
මැණික් පහන් වැට දැල්වේවා
විකසිත පෙම් පොකුරු පියුම්
ඔබේ පයට පොඩිවී ගියාදෙන්
පතිකුලයට අද මට පිටුපා යන
මගේ සොදුරු ළදුනේ...
මගේ සොදුරු ළදුනේ",විකසිත පෙම් පොකුරු පියුම්,නෙළුම් මල් පොකුරක්,lotus flower,ප්‍රේමය,love,ප්‍රේමය විකසිත වූ මල් නෙළුම් මල් පොකුරක් ලෙසට සුන්දරය,79
Kundalakeeshi,W.D.Amaradewa,Dolton Alwis,W.D.Amaradewa,කුණ්‌ඩලකේශී,ඩබ්ලිව්.ඩී.අමරදේව,ඩෝල්ටන් අල්විස්,ඩබ්ලිව්.ඩී.අමරදේව,"නීල වරල නිල් චාමර

පවන් සලන්නී ..
කුණ්ඩල කේශී ...
කුණ්ඩල කේශී ...

නීල වරල නිල චාමර
පවන් සලන්නී
කුණ්ඩල කේශී .......
කුණ්ඩල කේශී .


නෙත උපුලින් වත කමලින්
ගත දුලවන්නී
සිහින් සිනා කැන් රැහැනින්
මන බැදැලන්නී

නෙත උපුලින් වත කමලින්
ගත දුලවන්නී
සිහින් සිනා කැන් රැහැනින්
මන බැදැලන්නී
",වත කමලින්,කමල,flower,වත,body,ඇයගේ වත මලක් ලෙස සුන්දරය,118
Buddhanu Baawena,Nanda Malini,Sunil Ariyarathne,Nanda Malini,බුද්ධානුභාවේන,නන්දා මාලිනි,සුනිල් ආරියරත්න,නන්දා මාලිනි,"ද්ධානුභාවේන සිත් නෙත් පහන් වී

මෙත් මල් පිපීලා මුදිතා ජලාසේ
නංවා ප්‍රභා ලොව්තුරා රශ්මි මාලා
හෙළ දෙරණ ජන ජයතු ජය මංගලානී
හෙළ දෙරණ ජන ජයතු ජය මංගලානී

බුද්ධානුභාවේන සිත් නෙත් පහන් වී

මෙත් මල් පිපීලා මුදිතා ජලාසේ
නංවා ප්‍රභා ලොව්තුරා රශ්මි මාලා
හෙළ දෙරණ ජන ජයතු ජය මංගලානී
හෙළ දෙරණ ජන ජයතු ජය මංගලානී

තණ්හා උපාදාන පරිදේව වියැකී

අඥාන අඳුරේ දැල්වී ප්‍රදීපේ
හඬවා නුවන් දැල් මංගල්‍ය ප්‍රීතී
හෙළ දෙරණ ජන ජයතු ජය මංගලානී
හෙළ දෙරණ ජන ජයතු ජය මංගලානී

බුද්ධානුභාවේන සිත් නෙත් පහන් වී

මෙත් මල් පිපීලා මුදිතා ජලාසේ
නංවා ප්‍රභා ලොව්තුරා රශ්මි මාලා
හෙළ දෙරණ ජන ජයතු ජය මංගලානී
හෙළ දෙරණ ජන ජයතු ජය මංගලානී

භෘංගාවලී රාව ප්‍රතිරාව නංවා
බන්දා ප්‍රශංසා ජය කේතු කේලී
දසතින් ගලා ක්ෂීර පායාස ධාරා
හෙළ දෙරණ ජන ජයතු ජය මංගලානී
හෙළ දෙරණ ජන ජයතු ජය මංගලානී
බුද්ධානුභාවේන සිත් නෙත් පහන් වී
මෙත් මල් පිපීලා මුදිතා ජලාසේ
නංවා ප්‍රභා ලොව්තුරා රශ්මි මාලා
හෙළ දෙරණ ජන ජයතු ජය මංගලානී
හෙළ දෙරණ ජන ජයතු...
ජය මංගලානී..
",මෙත් මල් පිපීලා;මුදිතා ජලාසේ,මල්; ජලාශය,flower;lake,මෙත්;මුදිතා ගුණය,kindness;good,මෛත්‍රී යනු මලක් ලෙස උතුම් දෙයකි; මුදිතා ගුනය ජලාශයක් ලෙස අපරිමිත,150
Mihimadale Anduru Kuse,Nanda Malini,W.A.Abesinghe,Nanda Malini,මිහිමඩලේ අදුරු කුසේ,නන්දා මාලිනි,ඩබ්ලිව්.ඒ.අබේසිංහ,නන්දා මාලිනි,"මිහි මඬලේ අඳුරු කුසේ
දිය උල්පත අම්මා..
අහස් තලෙන් මරු කතරට
වහින වැස්ස අම්මා..
නිල් දෙරණේ තුරුලිය මත
මල් සම්පත අම්මා..
තුරුලිය මත පිපි කුසුමේ
ඵල සම්පත අම්මා…

සිය දහසක් නෙක ලෝදා
එළිය කරන අම්මා..
සොලොස් කලා පිරි පුරහඳ
එළිය කරන අම්මා…

මිහි මඬලේ අඳුරු කුසේ…

සඳ නැති රෑ සක්වල තරු
එළිය කරන අම්මා…
උදා ගිරෙන් ලොවට වඩින..
ලහිරු මඬල අම්මා…",දිය උල්පත අම්මා;මරු කතරට වහින වැස්ස අම්මා,දිය උල්පත;වැස්ස,fountain; rain,අම්මා;අම්මා,mother;mother,අම්මා දිය උල්පතක් ලෙස අප ජීවිතය සිසිල් කරවයි;අම්මා කාන්තාරයට වහින වැස්සක් ලෙස අප ජීවිතය පෝශනය කරවයි,208
Ahasa See Oba Ananthai,Nanda Malini,Sunil Ariyarathne,Rohana Weerasinghe,අහස සේ ඔබ අනන්තයි,නන්දා මාලිනි,සුනිල් ආරියරත්න,රෝහණ වීරසිංහ,"අහස සේ ඔබ අනන්තයි

සයුර සේ ඔබ අනන්තයි..
අහස සේ ඔබ අනන්තයි
සයුර සේ ඔබ අනන්තයි..
මේ විශ්වයේ මා දකින්නේ

ඔබමැ පමණයි...ඔබ අනන්තයි..


වෙණ තතක් හැඩවෙන තැනත් ඔබ
මදුවිතක් උතුරන තැනත් ඔබ...
තෙළිතුඩක් දැවටෙන තැනත් ඔබ
පන්හිඳක් ගැවසෙන තැනත් ඔබ..

අඩ සඳක් සැගවෙන තැනත් ඔබ
රළ පෙළක් පෙරලෙන තැනත් ඔබ..
සිසිලසක් දනවන තැනත් ‍ඔබ
උණුසුමක් ගෙනදෙන තැනත් ඔබ..
",,අහස;සයුර,sky;sea,ඔබ; ඔබ,you;you,ඔබ අහසක් ලෙස අපරිමිතය;ඔබ සයුරක් ලෙස අපරිමිතය,129
Hada Willa Kalabana,Nanda Malini,Dharmasiri Gamage,Rohitha Wijesuriya,හද විල කලඹන,නන්දා මාලිනි,ධර්මසිරි ගමගේ,රෝහිත විජේසූරිය,"හද විල කලඹන පෙම් ජල රේඛා
ඒ විල මැද සීතල සඳ රේඛා
දෑසේ තවරා ආදර රේඛා
ඔබ රුව සිහිනෙන් හද ඇඳි රේඛා

වරලස අක් බඹරුන් රැඳි රේඛා
දෙනෙතෙහි නිලූපුල් මල් පෙති රේඛා
දෙතොලෙහි ආදර හසරැලි රේඛා
ඔබ රුව සිහිනෙන් හද ඇඳි රේඛා

නීල පළිඟු කැට නෙත් මිණි රේඛා
බාල චන්දනී නළලත රේඛා
ආල නුරාවෙන් බැඳි රන් රේඛා
ඔබ රුව සිහිනෙන් හද ඇඳි රේඛා",හද විල කලඹන පෙම් ජල රේඛා,ජල රේඛා,water,හද,heart,ප්‍රේමය විලක ජලයක් මෙන් හද සසල කරයි,61
Aalaya Wan,Nanda Malini,Sunil Ariyarathne,Ostin Munasinghe,ආලය වන්,නන්දා මාලිනි,සුනිල් ආරියරත්න,ඔස්ටින් මුණසිංහ,"ආලය වන් මනරම් කවිකම් දෙන

සිතුමිණ කොද විස්කම්..
හදවත් වී සමහම් නිගැයුම් කර
සිඳ බිඳලයි බව ගිම්..

ආලය වන් මනරම් කවිකම් දෙන
සිතුමිණ කොද විස්කම්..
හදවත් වී සමහම් නිගැයුම් කර
සිඳ බිඳලයි බව ගිම්..

පැණසර මහා බෝසතුන්..විරතට පැමිණ නොමින්..

පබවත වෙත බැඳෙමින්..පුදදුන් උණු කඳුලින්..
ආලය නම් මනුදම් අදහම් නිති
එතැනය සබය සුදම්..

ආලය වන් මනරම් කවිකම් දෙන
සිතුමිණ කොද විස්කම්..
හදවත් වී සමහම් නිගැයුම් කර
සිඳ බිඳලයි බව ගිම්..",ආලය වන් මනරම් කවිකම්,කවිය,song,ආදරය,love,ආදරය කවියක් ලෙස මිහිරිය,172
Adare Weendanawa,Nanda Malini,Kithsiri Nimal Shantha,Rohana Weerasinghe,ආදරයේ වේදනාව,නන්දා මාලිනි,කිත්සිරි නිමල් ශාන්ත,රෝහණ වීරසිංහ,"ආදරයේ වේදනාව හදට දැනුනු යම් මොහොතක
 හුදකලාව නොතැවී යලි එන්න මා සොයා... එන්න මා සොයා...//  

දේදුනු පැහැයෙන් දිදුලන ආදර විජිතය හැරදා... රැගෙන පලා ගිය මොහොතක 
නොතැවී යලි ඈ සිහිකර එන්න මා‍ සොයා... එන්න මා‍ සොයා...  

ආදරයේ වේදනාව...//  ජීවිතයට 

මිහිර ලතැවුල ඔබ තුරුලට ලංවූදා නොතැවී හිද 
තනියහනේ මතක සුලං රොදක එතී එන්න මා‍ සොයා... එන්න මා‍ සොයා...  ආදරයේ වේදනාව...//",දේදුනු පැහැයෙන් දිදුලන ආදර විජිතය,දේදුන්න,rainbow,ආදරය,love,ආදරය දේදුන්නක් ලෙස විචිත්‍රවත්ය,81
Galana Gangaki Jiwithee,Nanda Malini,Chandraratne Manawasinghe,W.D.Amaradewa,ගලන ගඟකි ජීවිතේ,නන්දා මාලිනි,චන්ද්‍රරත්න මානවසිංහ,ඩබ්ලිව්.ඩී.අමරදේව,"ගලන ගඟකි ජීවිතේ
දයාලූ ලෝකයේ...

ගලන ගඟකි ජීවිතේ
දයාලූ ලෝකයේ...
මිහිර පතා ආදරේ
මිහිර පතා ආදරේ
ලපළු නටයි ගංතෙරේ...
ගලන ගඟකි ජීවිතේ

දයාලූ ලෝකයේ...

වැලිතල කිති කවන නටන

පෙම් රළ වැළ ඉවුරු බඳින..
මිහිතලයට සුවය දැනෙන
උකුළු තලය බඳු නැලැවෙන..

ගලන ගඟකි ජීවිතේ",ගලන ගඟකි ජීවිතේ,ගඟක්,river,ජීවිතය,life,ජීවිතය ගඟක් සේ ගලා යයි,132
Rukaththana Mala Mudunune,Nanda Malini,Mahinda Algama,Nanda Malini,රුක් අත්තන මල මුදුනේ,නන්දා මාලිනි,මහින්ද අල්ගම,නන්දා මාලිනි,"රුක් අත්තන මල මුදුනේ

බඹරු නටන හැන්දෑවේ…
සැදෑ අඳුර පියමන් කර කවුරුද එන්නේ…
පුතුනි බලන් යොමා නුවන්
කවුරුද එන්නේ…


මුතු පිණි දැල් සැළෙන උදේ

උදා දිමුතු හිරු එළියේ…
පුතු සවනට රහස් කියා පියමන් කරලා…
අප වෙනුවෙන් දවස ගෙවා වෙහෙසී එන්නේ…

රුක් අත්තන මල මුදුනේ
බඹරු නටන හැන්දෑවේ…
සැදෑ අඳුර පියමන් කර කවුරුද එන්නේ…
පුතුනි බලන් යොමා නුවන්
කවුරුද එන්නේ…


පතොක් වැටිය උඩින් ඇදී

දිවයුරු මිය යන මොහොතේ…
පුරා හඳක් සේ ඈතින් කවුරුද එන්නේ
පුතුනි බලන් යොමා නුවන් කවුරුද එන්නේ...


රුක් අත්තන මල මුදුනේ
",පුරා හදක් සේ ඈතින්,පුරා හදක්,full moon,තාත්තා,father,රැකියාවට ගිය තාත්තා නැඟ එන පුරා සඳක් සේ ඈතින් එයි,95
Maala Gira Gela,T.M.Jayarathna,Ajantha Ranasingha,Premasiri Kemadasa,මාල ගිරා ගෙල,ටී.එම්.ජයරත්න,අජන්තා රණසිංහ,ප්‍රේමසිරි කේමදාස,"මාල ගිරා ගෙල
මාල පොටක් බඳු
ගෝමර පෙති මාලේ
පාට සරුංගල්
පාට නෙලාගෙන
රුව දිලෙනා ලීලේ

වතු සුදු මල සේ මා
වත රූසිරු බෝමා
කෝළ කොමළ වරුනේ
සිත බැඳුනා ළඳුනේ

මාල ගිරා ගෙල
මාල පොටක් බඳු
ගෝමර පෙති මාලේ
පාට සරුංගල්
පාට නෙලාගෙන
රුව දිලෙනා ලීලේ

කදිම උවම් යොදලා
කවි සීපද ගොතලා
හීතල දුරුතු මහේ
කියමුද අපි ළඳුනේ",වතු සුදු මල සේ මා වත රූසිරු බෝමා ,වතු සුදු මල,flower,වත,body,ඇයගේ වත වතු සුදු මලක් ලෙස පිවිතුරුය,233
Sudu Mudu Rala Pela,T.M.Jayarathna,Kularathna Ariyawansa,Rohana Weerasinghe,සුදු මුතු රළ පෙළ,ටී.එම්.ජයරත්න,කුලරත්න ආරියවංශ,රෝහණ වීරසිංහ,"සුඳු මුතු රළ පෙල කිඳුරු කොදෙව්වෙන්
පාවඩ පලස එලා
සිඳුළඳ ගෙනදුන් මුතු කැකුළක් සේ
ඔබ මට තිලිණ වෙලා
සුඳු මුතු රළ පෙල කිඳුරු කොදෙව්වෙන්
පාවඩ පලස එලා
සිඳුළඳ ගෙනදුන් මුතු කැකුළක් සේ
ඔබ මට තිලිණ වෙලා

යුග දිවි වැල්ලේ අඳුරු ඉසවුවේ

මුකුලිත සිතැගි සලා
අරුණැල්ලක්සේ
අරුණැල්ලක් සේ නුඹමිණ පායා
සනහස ජනිත කලා
සුඳු මුතු රළ පෙල කිඳුරු කොදෙව්වෙන්
පාවඩ පලස එලා
සිඳුළඳ ගෙනදුන් මුතු කැකුළක් සේ
ඔබ මට තිලිණ වෙලා",සිඳුලඳ ගෙනදුන් මුතු කැකුලක් සේ ඔබ ,මුතු ඇටයක්,pearl,ඔබ,you,ඔබ මුතු ඇටයක් සේ වටී,33
Oba Ha Mema,T.M.Jayarathna,Wimala Ranjani Peiris,H.M. Jayawardhana,ඔබ හා මෙමා,ටී.එම්.ජයරත්න,විමලා රංජනී පීරිස්,එච්. එම්. ජයවර්ධන,"ඔබ හා මෙමා අතිනත් අරන්

අපගේ ලොවේ තනිවූ එදා
ඔබ මා දෙපා දෑතින් බදා
සිපගත් එදා සිහිවෙනවා
සිපගත් එදා සිහිවෙනවා

ඔබ මා දෙනෙත් මා ඔබේ දෙනෙත්

එක්වී වෙලී සෙනෙහස සෙවූ
ඒ සොඳූරු දා සිහිවෙනවා
ඒ සොඳූරු දා සිහිවෙනවා
ඔබ හා මෙමා අතිනත් අරන්
අපගේ ලොවේ තනිවූ එදා
ඔබ මා දෙපා දෑතින් බදා
සිපගත් එදා සිහිවෙනවා
සිපගත් එදා සිහිවෙනවා
භවයෙන් භවේ මෙලෙසින් බැඳී

අප ආ ගමන් අමතක වුවත්
ඔබගෙයි මගෙයි හද මන්දිරෙන්
නැග ආ ස්වරේ
එක්වූ දිනේ සිහිවෙනවා
එක්වූ දිනේ සිහිවෙනවා
ඔබ හා මෙමා අතිනත් අරන්
අපගේ ලොවේ තනිවූ එදා
ඔබ මා දෙපා දෑතින් බදා
සිපගත් එදා සිහිවෙනවා
සිපගත් එදා සිහිවෙනවා
",හද මන්දිරෙන්,මන්දිරෙ,palace,හද,heart,මාගේ හදවත මන්දිරයක් මෙන් විශාලය,246
Hiru hinahena gana,Bandara Athawuda,Sunil Ariyarathne,Rohana Weerasinghe,හිරු හිනැහෙන ගන,බණ්ඩාර අතාවුද,සුනිල් ආරියරත්න,රෝහණ වීරසිංහ,"හිරු හිනැහෙන ගන නිල්වන් අහසේ

පහනකි මා හිරු එළියෙහි නොදිලෙන
පහන ඔබය ඔබමය මා පැතුමද
හිරු නොව සැඩ කිරනින් මා වෙහෙසන

හිරු හිනැහෙන ගන නිල්වන් අහසේ
පහනකි මා හිරු එළියෙහි නොදිලෙන
පහන ඔබය ඔබමය මා පැතුමද
හිරු නොව සැඩ කිරනින් මා වෙහෙසන",පහනකි මා හිරු එළියෙහි නොදිලෙන,පහන,lamp,මම ,me,මම පහනක් ලෙස ලෝකය ආලෝකමත් කරයි,208
Relakin Thaniwee,Prema Keerthi de Alwis,Abeywardena Balasooriya,Rohana Weerasinghe,රැළකින් තනි,ප්‍රේමකීර්ති ද අල්විස්,අබේවර්ධන බාලසූරිය,රෝහණ වීරසිංහ,"රැළකින් තනි වී වන මැද සරනා

කැකුළු තුරුණු යාමේ
ඇතෙකුට ඇත් දළ යුවලක් වාගෙයි
මට ඔබගේ ප්‍රේමේ
රැළකින් තනි වී වන මැද සරනා
කැකුළු තුරුණු යාමේ
ඇතෙකුට ඇත් දළ යුවලක් වාගෙයි
මට ඔබගේ ප්‍රේමේ

හබල බිඳී ගොස් පෙරලුණු ඔරුවක්

ලෙස පාවෙන දිවියේ
රුවල් මසා දී ගොඩ ගනු රිසියෙන්
වෙහෙසෙන මියුලැසියේ

රැළකින් තනි වී වන මැද සරනා
කැකුළු තුරුණු යාමේ
ඇතෙකුට ඇත් දළ යුවලක් වාගෙයි
මට ඔබගේ ප්‍රේමේ

තුඩ තුඩ තබමින් නෙක නෙක පලවැල",ඇත් දළ යුවලක් වාගෙයි මට ඔබගේ ප්‍රේමේ,ඇත් දළ යුවලක්,elephant tusk,ආදරය,love,ඇතෙකුගේ දල යුගලක් ලෙස මට ඔබගේ ප්‍රේමය වටී,248
Payana ira pana kage,Uresha Ravihari,Bandula Nanayakkare,Rohana Weerasinghe,පායනා ඉර පාන,උරේෂා රවිහාරි,බන්ධුල නානායක්කාර,රෝහණ වීරසිංහ,"හා හා... ආ. හා හා...
පායනා ඉර පාන කාගේ
පීදෙනා මල් යාය කාගේ
හසරැලි මවෙත ගෙනා.
ගායනා දසතේ ගලා ඒ
වෑහෙනා නදියේ රැඳී ඒ
නෙත දිලි කඳුළු දොවා.
පායනා ඉර පාන කාගේ
පීදෙනා මල් යාය කාගේ
හසරැලි මවෙත ගෙනා.
ගායනා දසතේ ගලා ඒ
වෑහෙනා නදියේ රැඳී ඒ
නෙත දිලි කඳුළු දොවා.
සිත මදනල ඈත කඳු සිප
මෑත මා සොයනා...
මේ ගඟ දියරැලි වාගේ
පිබිදේ සිතුවිලි මාගේ
මේ ගඟ දියරැලි වාගේ
පිබිදේ සිතුවිලි මාගේ
දිදුලනා. තරු නෙලා. වන තීරයේ සරා.
හිනැහෙමි සැනසෙමි
ල ල ල ල. ල ල ල ල.
සොයනෙමි ඔබ දිව රෑ.",ගඟ දියරැලි වාගේ පිබිදේ සිතුවිලි මාගේ ,ගඟ දියරැලි,river flows,සිතුවිලි,thoughts,ගගේ නිතර ඇතිවෙන දිය රැලි ලෙස මාගේ සිතුවිලි අවදි වේ,178
Supem Hengum oben epa,Pradeepa Darmadasa,Kapila Kumara Kalinga,Rohana Weerasinghe,සුපෙම් හැඟුම් ඔබෙන්,ප්‍රදීපා දර්මදාස,කපිල කුමාර කාලිංග,රෝහණ වීරසිංහ,"සුපෙම් හැඟුම් ඔබෙන් එපා
මිතුරුදම් විනා
නෞකාවකි ඔබ ඈත සමුදුරේ
මා පහන් ටැඹයි මෑත ගොඩබිමේ
සුපෙම් හැඟුම් ඔබෙන් එපා
මිතුරුදම් විනා
නෞකාවකි ඔබ ඈත සමුදුරේ
මා පහන් ටැඹයි මෑත ගොඩබිමේ
තරු එළියෙන් රුදු රාත්රි කාලයේ
දැඩි සිතකින් දුරු ගමන යමි ඉතින්
කිසි දින අප හමුනොවන බව දනිම්
සිහිනය මිය යා යුතුය මේ ලෙසින්",නෞකාවකි ඔබ ඈත සමුදුරේ,නෞකාව,ship,ඔබ,you,ඈත සමුදුරේ නෞකාවක් ලෙස මට ඔබ දුරය,133
Sina thotak wiya,Nirosha Wirajini,Bandula Nanayakkare,Rohana Weerasinghe,සිනාතොටක් විය,නිරෝෂා විරාජිනී,බන්ධුල නානායක්කාර,රෝහණ වීරසිංහ,"සිනාතොටක් විය ඔබ පාමුල මා ලද සරදම් 
මහෝගයක් විය ඔබෙන් ලැබු අපමණ අභිමන්
නොහඩා ඉන්නම් ගිලිහුනු දා පෙම් ලොව මල්දම්
‍දුටුව නිසා ආදරයේ දෙව් ‍රුව ඔබගෙන් මං //

පෝසත් ඔබ සිත ළග උවැසිය වී දැහැනට වී
සිටිය මිස නොදනිමි කොයි සිටියාදැයි මලවී
පුදසුන් මත මිස යද්දී සහසක් මල් පරවී
නොපිදු මල තවමත් ඇත ඔබ ගැන බැති බරවී

මගෙන් මිදුනු ලොව ඔබට මිහිරි නම් එය සැපකී
ඔබට ලංව දුක බෙදා ගන්ට බැරිකම දුකකී
මෙවැනි බැදුම් බැරි ලෝකය සිර ගෙයකී
එවන් ලොවක මේ හමුවීමත් වාවනු නොහැකී
",සිනාතොටක් විය ඔබ ,සිනාතොටක්,smile,ඔබ,you,ඔබ මගේ ජීවිතයට සිනාව ගෙන දෙයි,126
Sina Podak wee obage dase,Deepika Priyadarshanee,Kularathna Ariyawansa,Rohana Weerasinghe,සිනා පොදක් වී,දීපිකා ප්‍රියදර්ශනී,කුලරත්න ආරියවංශ,රෝහණ වීරසිංහ,"සිනා පොදක් වී ඔබගේ දෑසේ
නිදන්ව ඉන්නට පෙරුම් පිරූ මට
කදුලැල්ලක් වී ඔබගේ දෑසින්
ගිලිහී යන්නට උරුම කලේ ඇයි
සිනා පොදක් වී ඔබගේ දෑසේ
නිදන්ව ඉන්නට පෙරුම් පිරූ මට
කදුලැල්ලක් වී ඔබගේ දෑසින්
ගිලිහී යන්නට උරුම කලේ ඇයි
සෙවනැල්ලක් සේ ඔබ දිවි ගමනේ
අත් වැල වන්නට පැතිම් පැතූ මා
සෙවනැල්ලක් සේ ඔබ දිවි ගමනේ
අත් වැල වන්නට පැතිම් පැතූ මා
මිරිගුව දක්වා නෙතු යුග රවටා
වල්මත් කරදා සැගව ගියේ ඇයි
වල්මත් කරදා සැගව ගියේ ඇයි",සෙවනැල්ලක් සේ ඔබ දිවි ගමනේ,සෙවනැල්ලක්,shadow,මම ,me,සෙවනැල්ලක් සේ මම ඔබ පසුපස එයි,236
Maha merak lesata,Deepika Priyadarshanee,Bandara Aheliyagoda,Rohana Weerasinghe,මහා මෙරක් ලෙසට,දීපිකා ප්‍රියදර්ශනී,බණ්ඩාර ඇහැලියගොඩ,රෝහණ වීරසිංහ,"මහා මෙරක් ලෙසට

හිතේ උපන් බරට
හඬා දොඩා පලනොලබන හින්දා
උදා ලහිරු විලස
එබී හිඳිමු ලොවට
සිනා මලක් මුව අද්දර රන්දා
මහා මෙරක් ලෙසට
හිතේ උපන් බරට
හඬා දොඩා පලනොලබන හින්දා
උදා ලහිරු විලස
එබී හිඳිමු ලොවට
සිනා මලක් මුව අද්දර රන්දා
විදු නැණයෙන් අභිසෙස් ලබමින්නේ

සඳ මතුපිට පියවර එසවෙන්නේ
අපි පමණද එක තැන කැරකෙන්නේ
අපි තනිකර ලෝකය දිව යන්නේ
ආජු තපර ලාහිලා
පීජි තපර ලාහිලා
ආජු තපර පීජි තපර
බිස්කු බිස්කු ලාහිලා
ආජු තපර ලාහිලා
පීජි තපර ලාහිලා
ආජු තපර පීජි තපර
බිස්කු බිස්කු ලාහිලා",මහා මෙරක් ලෙසට හිතේ උපන් බරට,මහා මෙරක්,mountain,හිතේ උපන් බර,struggle,ජීවන බර මහා කන්දක් ලෙස විශාලය,237
Kaviya Oba,Deepika Priyadarshanee,Sunil Gamage,Rohana Weerasinghe,කවිය ඔබ,දීපිකා ප්‍රියදර්ශනී,සුනිල් ගමගේ,රෝහණ වීරසිංහ,"තුන් තිස් පැයක් නිදි වරා වෙහෙසී
සිත දෙගිඩියාවෙන් තවම නොලියූ
කවිය ඔබ කවිය ඔබ
පද එකින් එක ලියවා
සිත කුරුටු ගා මැකුවා
ඔබ ලියූ කවි කියවා
මං අසරණව උන්නා
යෞවනේ...
තනිකමක් දැනෙනා මොහොතක
සිත ඉකි ගසා හැඩුවා
කවිය ඔබ
තුන් තිස් පැයක් නිදි වරා වෙහෙසී
සිත දෙගිඩියාවෙන් තවම නොලියූ
කවිය ඔබ කවිය ඔබ
හොර ඇහින් ඉගි කරලා
සද මගෙන් සමු ගත්තා
කවිපොතම පොඩි කරදා
නිදියන්න මට හිතුනා
යෞවනේ...
අත ලහින් හිදිනා මොහොතක
දුර ඈත බව දැනුනා",කවිය ඔබ,කවිය,song,ඔබ,you,ඔබ කවියක් ලෙස මිහිරිය,96
Jeewithe Amadhara,T.M.Jayarathna,Gamini Wijethunga,Premasiri Kemadasa,ජිවිතේ අමධාරා,ටී.එම්.ජයරත්න,ගාමිණී විජේතුංග,ප්‍රේමසිරි කේමදාස,"ජිවිතේ අමධාරා
උල්පතේ රස උතුරා
කෝ සුපෙම් හස කැළුම් රස හැඟුම්
මීවිතේ රස උතුරා
ආදරේ මල් උයනේ
නෑ ඔබේ හඬ ඇසුනේ
පිපි කුසුම් මල් යහන් තුලට වී
කොවුලනේ නාඬන්නේ
ජිවිතේ අමධාරා
උල්පතේ රස උතුරා
කෝ සුපෙම් හස කැළුම් රස හැඟුම්
මීවිතේ රස උතුරා
ඈත නිල් වන් ගුවනේ
පියාඹන ලිහිණියනේ
මට කියන් තෙපි සොයා යන ලොවේ
සෝ තැවුල් රැඳුනේදෝ",ආදරේ මල් උයනේ,මල් උයන,flower garden,ආදරය,love,ආදරය මල් උයනක් සේ ලස්සනය,220
Thani wennata mage lowe,Victor Rathnayake,Buddadasa Galappaththi,Rohana Weerasinghe,තනි වෙන්නට ,වික්ටර් රත්නායක,බුද්ධදාස ගලප්පත්ති,රෝහණ වීරසිංහ,"තනි වෙන්නට මගේ ලොවේ පුරුදු පාළුවෙන්
රැගෙන යන්න සොඳුරියෙ ඔබෙ සුවඳ මා ලඟින්
තනි වෙන්නට මගේ ලොවේ පුරුදු පාළුවෙන්
රැගෙන යන්න සොඳුරියෙ ඔබෙ සුවඳ මා ලඟින්
සිව් වසරක පෙම් ගීතය ගොළු වෙලා ගියාදෝ
සිව් වසරක පෙම් ගීතය ගොළු වෙලා ගියාදෝ
අළුත් ලොවක ඔබ සතුටින් කිරුළු පැළඳුවාදෝ
තනි වෙන්නට මගේ ලොවේ පුරුදු පාළුවෙන්
රැගෙන යන්න සොඳුරියෙ ඔබෙ සුවඳ මා ලඟින්
මායාවකි ප්රේමය මා හදවත රිදවූයේ
මායාවකි ප්රේමය මා හදවත රිදවූයේ
සෝ ගීයකි දුක් බර වූ සැනසුම කොහි ",මායාවකි ප්රේමය,මායාව,magic,ආදරය,love,ආදරය මායාවක් සේ හිත් වසඟ කරවයි,209
Yamuna Gan thera,Nanda Malini,Sunil Ariyarathne,Rohana Weerasinghe,යමුනා ගං තෙර,නන්දා මාලිනි,සුනිල් ආරියරත්න,රෝහණ වීරසිංහ,"යමුනා ගං තෙර තමළු ලතා හෙවනේ…
යොහොඹු කුසුම් යහනේ රාධා බලාඉඳී…


ක්‍රිෂ්ණා.... ක්‍රිෂ්ණා.....ක්‍රිෂ්ණා

නළලත බබළන සඳන තලාවයි…
සිරුරත ඝන නිල් මේඝ වළාවයි…
මානස විල මැද රණ තිසරාණනි
වෘන්දා වනයේ වසන්තයයි…

ක්‍රිෂ්ණා.... ක්‍රිෂ්ණා.....ක්‍රිෂ්ණා…

මලයගිරේ මධු ගීත කලාවයි…
තෙබුවන රැකුමේ ඉසිඹු වෙලාවයි…
වන රේඛාවේ රණ මොණරාණෙනි
තරුද නොපායන රාත්‍රියයි…",නළලත බබළන සඳන තලාවයි,සඳ,moon,නළල,forehead,ඔබගේ නලල අඩ සඳක් සේ බබලයි,168
Ammawarune,Nanda Malini,Dharmasiri Gamage,Premasiri Kemadasa,අම්මාවරුනේ,නන්දා මාලිනි,ධර්මසිරි ගමගේ,ප්‍රේමසිරි කේමදාස,"අම්මාවරුනේ… අම්මාවරුනේ…
සම්මා සම්බුදු අම්මාවරුනේ
දරුවන්ගේ දුක් කඳුළු දකින දා
සුර ලොව සිට අත පා
ඒ කඳුළැලි පිසිනා....

අම්මාවරු නැති දරුවන්නේ
සංකා දුක් කවුදෝ දන්නේ
ඒ දුක දන්නා අම්මාවරුමයි
යම් මතු දිනයක බුදු වන්නේ
සංසාරේ මතු බුදු වන්නේ

අම්මාවරුනේ… අම්මාවරුනේ…

සෙනෙහස වැඩි දා
සිතද බොළද වේ
ලොවම ආදරේ කියා සිතී
මායාවක්වී එහි තනිවූ දා
අම්මා පමණයි ළඟ ඉන්නේ
අම්මා පමණයි ළඟ ඉන්නේ
අම්මාවරුනේ…",සම්මා සම්බුදු අම්මාවරුනේ,බුදුන්,lord buddha,අම්මා,mother,අම්මා බුදු කෙනෙක් සේ කරුනාව දයාව පතුරයි,28
Hansa Rajini,Sunil Edirisinghe,Kumaradasa Saputhanthri,Rohana Weerasinghe,හංස රාජිනී සේ,සුනිල් එදිරිසිංහ,කුමාරදාස සපුතන්ත්‍රී,රෝහණ වීරසිංහ,"හංස රාජිනී සේ
හංස රාජිනී සේ
මන මෝහනීය රංගනීයේ
හංස රාජිනී සේ
මන මෝහනීය රංගනීයේ
හංස රාජිනී

සැලෙන නයන යුග මදහස පාලා
සැලෙන නයන යුග
සැලෙන නයන යුග මදහස පාලා

සැලෙන නයන යුග මදහස පාලා
නූපුර ජාල හඬා නද දීලා
සැලෙන නයන යුග මදහස පාලා

සැලෙන නයන යුග මදහස පාලා
නූපුර ජාල හඬා නද දීලා
සැලෙන නයන යුග

සැලෙන නයන යුග මදහස පාලා
නූපුර ජාල හඬා නද දීලා
රඟනා තාලේ",හංස රාජිනී සේ,හංස රාජිනී ,swan,ඔබ,you,ඔබ හංසයෙකු මෙන් පිවිතුරුය,176
Ma ithin yanna yanawa,Sunil Edirisinghe,Rathna Sri Wijesinghe,Rohana Weerasinghe,මා ඉතින් යන්න යනවා,සුනිල් එදිරිසිංහ,රත්න ශ්‍රී විජේසිංහ,රෝහණ වීරසිංහ,"මා ඉතින් යන්න යනවා
මට යන්න අවසරයි
මට අරන් යන්න ඇත්තේ
ඒ මතකය විතරයි
මා ඉතින් යන්න යනවා
මට යන්න අවසරයි
මට අරන් යන්න ඇත්තේ
ඒ මතකය විතරයි
නුඹ සඳක් වෙලා පායා
මට එලිය වුනු වගයි
නුඹ සඳක් සේම බැස යයි
මට අයිති කළුවරයි
මගෙ මතක එපමණයි
මා ඉතින් යන්න යනවා
මට යන්න අවසරයි
මට අරන් යන්න ඇත්තේ
ඒ මතකය විතරයි
සඳ එලිය අයිති ලොවටයි
සඳ අයිති අහසටයි
ඉනි කඳුළු බිංදු විතරක්
මේ බිමට වැටෙනු ඇයි
මට උරුම එපමණයි",නුඹ සඳක් වෙලා,සඳ,moon,ඔබ,you,නුබ සඳක් ලෙස මගේ ජීවිතය ආලෝකමත් කරවයි,77